observation_id,observation_date,media_duration_s,coder_id_initials,arena_site,deployement_period,anon_subject,video_unique_subject,subject,age_sex,sequence_id,event,event_category,modifier_1_prompt,modifier_1,modifier_2_prompt,modifier_2,modifier_3_prompt,modifier_3,modifier_4_prompt,modifier_4,modifier_5_prompt,modifier_5,event_type,event_real_time_start,event_real_time_stop,start_s,stop_s,duration_s,comment_1,comment_2,flag
2026-HC-2PPSTREAM-A-B__2026-01-21_16-38-07,2026-01-21T16:38:07Z,120.5,TW,2PP,1,3,Billy,Billy,adult male,BT1,batch processing,food handling,# of total HC handled,2HC,# of total HC eaten,0HC,# of HC processed,1HC,techniques used,manipulate with hands,origin of HC1,"bucket 1, 30",STATE,2026-01-21T16:39:50Z,2026-01-21T16:40:07Z,103.667,120.5,16.833,NA,NA,NA
2026-HC-2PPSTREAM-A-B__2026-01-21_16-38-07,2026-01-21T16:38:07Z,120.5,TW,2PP,1,3,Billy,Billy,adult male,BT1,other behavior/modifier,user notes,NA,NA,NA,NA,NA,NA,NA,NA,NA,NA,POINT,2026-01-21T16:39:53Z,2026-01-21T16:39:53Z,106.633,106.633,NA,threats to arena,NA,NA
2026-HC-2PPSTREAM-A-B__2026-01-21_16-38-07,2026-01-21T16:38:07Z,120.5,TW,2PP,1,3,Billy,Billy,adult male,BT1,2HC in batch processing,food handling,origin of new HC,ground,NA,NA,NA,NA,NA,NA,NA,NA,STATE,2026-01-21T16:39:57Z,2026-01-21T16:40:07Z,110.4,120.5,10.1,etna,NA,flag - etna
2026-HC-2PPSTREAM-A-B__2026-01-21_16-40-12,2026-01-21T16:40:12Z,120.767,TW,2PP,1,5,Billy,Billy,adult male,BT2,batch processing,food handling,# of total HC handled,multiple,# of total HC eaten,0HC,# of HC processed,0HC,techniques used,NA,origin of HC1,unknown,STATE,2026-01-21T16:40:12Z,2026-01-21T16:40:20Z,0,8.532,8.532,stna,NA,flag - stna
2026-HC-2PPSTREAM-A-B__2026-01-21_16-40-12,2026-01-21T16:40:12Z,120.767,TW,2PP,1,5,Billy,Billy,adult male,BT2,point of interest/general comment,user notes,topic,other - comment,NA,NA,NA,NA,NA,NA,NA,NA,POINT,2026-01-21T16:40:12Z,2026-01-21T16:40:12Z,0,0,NA,cams not synced: camA is main,NA,NA
2026-HC-2PPSTREAM-A-B__2026-01-21_16-40-12,2026-01-21T16:40:12Z,120.767,TW,2PP,1,5,Billy,Billy,adult male,BT3,batch processing,food handling,# of total HC handled,multiple,# of total HC eaten,0HC,# of HC processed,0HC,techniques used,NA,origin of HC1,unknown,STATE,2026-01-21T16:40:24Z,2026-01-21T16:40:32Z,12.933,20.032,7.099,camB,NA,NA
2026-HC-2PPSTREAM-A-B__2026-01-21_16-40-12,2026-01-21T16:40:12Z,120.767,TW,2PP,1,6,Winston,Winston,adult male,BT4,batch processing,food handling,# of total HC handled,3HC,# of total HC eaten,0HC,# of HC processed,0HC,techniques used,NA,origin of HC1,"bucket 1, 30",STATE,2026-01-21T16:41:06Z,2026-01-21T16:41:09Z,54.4,57.599,3.199,etna,NA,flag - etna
2026-HC-2PPSTREAM-A-B__2026-01-21_16-40-12,2026-01-21T16:40:12Z,120.767,TW,2PP,1,6,Winston,Winston,adult male,BT4,2HC in batch processing,food handling,origin of new HC,"bucket 1, 30",NA,NA,NA,NA,NA,NA,NA,NA,STATE,2026-01-21T16:41:07Z,2026-01-21T16:41:09Z,55.433,57.599,2.166,etna,NA,flag - etna
2026-HC-2PPSTREAM-A-B__2026-01-21_16-40-12,2026-01-21T16:40:12Z,120.767,TW,2PP,1,6,Winston,Winston,adult male,BT4,3HC in batch processing,food handling,origin of new HC,"bucket 1, 30",NA,NA,NA,NA,NA,NA,NA,NA,STATE,2026-01-21T16:41:08Z,2026-01-21T16:41:09Z,56.433,57.599,1.166,etna,NA,flag - etna
2026-HC-2PPSTREAM-A-B__2026-01-21_16-44-51,2026-01-21T16:44:51Z,120.533,TW,2PP,1,7,Winston,Winston,adult male,BT5,batch processing,food handling,# of total HC handled,multiple,# of total HC eaten,0HC,# of HC processed,0HC,techniques used,manipulate with hands,origin of HC1,"bucket 1, 30",STATE,2026-01-21T16:44:56Z,2026-01-21T16:45:04Z,5.833,13.632,7.799,etna,"grabbed many, dropped some, grabbed more, ran off",flag - etna
2026-HC-2PPSTREAM-A-B__2026-01-21_16-47-28,2026-01-21T16:47:28Z,121.6,TW,2PP,1,8,Billy,Billy,adult male,BT6,batch processing,food handling,# of total HC handled,2HC,# of total HC eaten,0HC,# of HC processed,0HC,techniques used,NA,origin of HC1,"bucket 1, 30",STATE,2026-01-21T16:48:16Z,2026-01-21T16:48:21Z,48.2,53.866,5.666,etna,NA,flag - etna
2026-HC-2PPSTREAM-A-B__2026-01-21_16-47-28,2026-01-21T16:47:28Z,121.6,TW,2PP,1,8,Billy,Billy,adult male,BT6,2HC in batch processing,food handling,origin of new HC,"bucket 1, 30",NA,NA,NA,NA,NA,NA,NA,NA,STATE,2026-01-21T16:48:17Z,2026-01-21T16:48:21Z,49.967,53.866,3.899,etna,NA,flag - etna
2026-HC-2PPSTREAM-A-B__2026-01-21_16-51-07,2026-01-21T16:51:07Z,128.6,TW,2PP,1,9,Billy,Billy,adult male,BT7,batch processing,food handling,# of total HC handled,4HC,# of total HC eaten,0HC,# of HC processed,0HC,techniques used,NA,origin of HC1,"bucket 1, 30",STATE,2026-01-21T16:51:26Z,2026-01-21T16:51:31Z,19,24.632,5.632,NA,NA,NA
2026-HC-2PPSTREAM-A-B__2026-01-21_16-51-07,2026-01-21T16:51:07Z,128.6,TW,2PP,1,9,Billy,Billy,adult male,BT7,2HC in batch processing,food handling,origin of new HC,"bucket 1, 30",NA,NA,NA,NA,NA,NA,NA,NA,STATE,2026-01-21T16:51:28Z,2026-01-21T16:51:31Z,21.033,24.632,3.599,NA,NA,NA
2026-HC-2PPSTREAM-A-B__2026-01-21_16-51-07,2026-01-21T16:51:07Z,128.6,TW,2PP,1,9,Billy,Billy,adult male,BT7,3HC in batch processing,food handling,origin of new HC,"bucket 1, 30",NA,NA,NA,NA,NA,NA,NA,NA,STATE,2026-01-21T16:51:28Z,2026-01-21T16:51:31Z,21.033,24.632,3.599,NA,NA,NA
2026-HC-2PPSTREAM-A-B__2026-01-21_16-51-07,2026-01-21T16:51:07Z,128.6,TW,2PP,1,9,Billy,Billy,adult male,BT7,4HC in batch processing,food handling,origin of new HC,"bucket 1, 30",NA,NA,NA,NA,NA,NA,NA,NA,STATE,2026-01-21T16:51:29Z,2026-01-21T16:51:31Z,22.2,24.632,2.432,NA,NA,NA
2026-HC-2PPSTREAM-A-B__2026-01-22_17-16-06,2026-01-22T17:16:06Z,128.933,TW,2PP,1,14,Kahlo,Kahlo,subadult female,BT8,batch processing,food handling,# of total HC handled,2HC,# of total HC eaten,1HC,# of HC processed,2HC,techniques used,"manipulate with hands,roll/scrub on surface,hit/pound on surface",origin of HC1,"bucket 1, 30",STATE,2026-01-22T17:17:12Z,2026-01-22T17:18:07Z,66.033,121,54.967,NA,NA,NA
2026-HC-2PPSTREAM-A-B__2026-01-22_17-16-06,2026-01-22T17:16:06Z,128.933,TW,2PP,1,14,Kahlo,Kahlo,subadult female,BT8,smells held HC,information gain,HC quantity,1HC,NA,NA,NA,NA,NA,NA,NA,NA,STATE,2026-01-22T17:17:12Z,2026-01-22T17:17:13Z,66.933,67.367,0.434,NA,NA,NA
2026-HC-2PPSTREAM-A-B__2026-01-22_17-16-06,2026-01-22T17:16:06Z,128.933,TW,2PP,1,14,Kahlo,Kahlo,subadult female,BT8,2HC in batch processing,food handling,origin of new HC,"bucket 1, 30",NA,NA,NA,NA,NA,NA,NA,NA,STATE,2026-01-22T17:17:16Z,2026-01-22T17:18:03Z,70.033,117.8,47.767,NA,NA,NA
2026-HC-2PPSTREAM-A-B__2026-01-22_17-16-06,2026-01-22T17:16:06Z,128.933,TW,2PP,1,14,Kahlo,Kahlo,subadult female,BT8,bucket inspection,information gain,which bucket,"bucket 1, 30",NA,NA,NA,NA,NA,NA,NA,NA,STATE,2026-01-22T17:17:17Z,2026-01-22T17:17:19Z,71.8,73.6,1.8,NA,NA,NA
2026-HC-2PPSTREAM-A-B__2026-01-22_17-16-06,2026-01-22T17:16:06Z,128.933,TW,2PP,1,14,Kahlo,Kahlo,subadult female,BT8,bucket inspection,information gain,which bucket,"bucket 2, 20",NA,NA,NA,NA,NA,NA,NA,NA,STATE,2026-01-22T17:17:23Z,2026-01-22T17:17:25Z,77.3,79.667,2.367,NA,NA,NA
2026-HC-2PPSTREAM-A-B__2026-01-22_17-16-06,2026-01-22T17:16:06Z,128.933,TW,2PP,1,14,Kahlo,Kahlo,subadult female,BT8,smells held HC,information gain,HC quantity,2HC,NA,NA,NA,NA,NA,NA,NA,NA,STATE,2026-01-22T17:17:24Z,2026-01-22T17:17:25Z,78.6,79.2,0.6,NA,NA,NA
2026-HC-2PPSTREAM-A-B__2026-01-22_17-16-06,2026-01-22T17:16:06Z,128.933,TW,2PP,1,14,Kahlo,Kahlo,subadult female,BT8,smells held HC,information gain,HC quantity,2HC,NA,NA,NA,NA,NA,NA,NA,NA,STATE,2026-01-22T17:17:45Z,2026-01-22T17:17:46Z,99.333,100.767,1.434,NA,NA,NA
2026-HC-2PPSTREAM-A-B__2026-01-29_11-58-28,2026-01-29T11:58:28Z,123.633,TW,2PP,2,25,AF 4,NA,adult female,BT9,batch processing,food handling,# of total HC handled,3HC,# of total HC eaten,0HC,# of HC processed,0HC,techniques used,NA,origin of HC1,"bucket 1, 20",STATE,2026-01-29T11:58:44Z,2026-01-29T11:58:50Z,16.1,22.133,6.033,NA,NA,NA
2026-HC-2PPSTREAM-A-B__2026-01-29_11-58-28,2026-01-29T11:58:28Z,123.633,TW,2PP,2,25,AF 4,NA,adult female,BT9,2HC in batch processing,food handling,origin of new HC,"bucket 1, 20",NA,NA,NA,NA,NA,NA,NA,NA,STATE,2026-01-29T11:58:44Z,2026-01-29T11:58:49Z,16.1,21.533,5.433,NA,NA,NA
2026-HC-2PPSTREAM-A-B__2026-01-29_11-58-28,2026-01-29T11:58:28Z,123.633,TW,2PP,2,25,AF 4,NA,adult female,BT9,3HC in batch processing,food handling,origin of new HC,"bucket 1, 20",NA,NA,NA,NA,NA,NA,NA,NA,STATE,2026-01-29T11:58:44Z,2026-01-29T11:58:46Z,16.1,18.6,2.5,NA,NA,NA
2026-HC-2PPSTREAM-A-B__2026-01-29_11-58-28,2026-01-29T11:58:28Z,123.633,TW,2PP,2,25,AF 4,NA,adult female,BT10,batch processing,food handling,# of total HC handled,multiple,# of total HC eaten,0HC,# of HC processed,0HC,techniques used,NA,origin of HC1,"bucket 1, 20",STATE,2026-01-29T11:58:57Z,2026-01-29T11:59:00Z,29.3,32.933,3.633,NA,NA,NA
2026-HC-2PPSTREAM-A-B__2026-01-29_13-17-36,2026-01-29T13:17:36Z,128.033,TW,2PP,2,26,Bullseye,Bullseye,subadult male,BT11,batch processing,food handling,# of total HC handled,2HC,# of total HC eaten,0HC,# of HC processed,1HC,techniques used,manipulate with hands,origin of HC1,"bucket 2, 30",STATE,2026-01-29T13:18:32Z,2026-01-29T13:18:35Z,56.267,59,2.733,NA,NA,NA
2026-HC-2PPSTREAM-A-B__2026-01-29_13-17-36,2026-01-29T13:17:36Z,128.033,TW,2PP,2,26,Bullseye,Bullseye,subadult male,BT11,2HC in batch processing,food handling,origin of new HC,"bucket 2, 30",NA,NA,NA,NA,NA,NA,NA,NA,STATE,2026-01-29T13:18:32Z,2026-01-29T13:18:33Z,56.267,57.4,1.133,NA,NA,NA
2026-HC-2PPSTREAM-A-B__2026-01-29_13-20-17,2026-01-29T13:20:17Z,120.2,TW,2PP,2,27,Bullseye,Bullseye,subadult male,BT12,batch processing,food handling,# of total HC handled,multiple,# of total HC eaten,0HC,# of HC processed,1HC,techniques used,manipulate with hands,origin of HC1,"bucket 2, 30",STATE,2026-01-29T13:20:49Z,2026-01-29T13:21:04Z,32,47.567,15.567,NA,NA,NA
2026-HC-2PPSTREAM-A-B__2026-01-29_13-20-17,2026-01-29T13:20:17Z,120.2,TW,2PP,2,28,Richard,Richard,adult male,BT13,batch processing,food handling,# of total HC handled,multiple,# of total HC eaten,1HC,# of HC processed,multiple,techniques used,pound with hammerstone,origin of HC1,"bucket 1, 20",STATE,2026-01-29T13:21:33Z,2026-01-29T13:22:11Z,76.433,114.232,37.799,etna,NA,flag - etna
2026-HC-2PPSTREAM-A-B__2026-01-29_13-20-17,2026-01-29T13:20:17Z,120.2,TW,2PP,2,27,Bullseye,Bullseye,subadult male,BT14,batch processing,food handling,# of total HC handled,multiple,# of total HC eaten,0HC,# of HC processed,0HC,techniques used,NA,origin of HC1,"bucket 2, 30",STATE,2026-01-29T13:22:03Z,2026-01-29T13:22:04Z,106.3,107.2,0.9,NA,NA,NA
2026-HC-2PPSTREAM-A-B__2026-01-29_13-20-17,2026-01-29T13:20:17Z,120.2,TW,2PP,2,27,Bullseye,Bullseye,subadult male,BT15,batch processing,food handling,# of total HC handled,2HC,# of total HC eaten,0HC,# of HC processed,1HC,techniques used,hit/pound on surface,origin of HC1,"bucket 2, 30",STATE,2026-01-29T13:22:13Z,2026-01-29T13:22:17Z,116.933,120.167,3.234,etna,NA,flag - etna
2026-HC-2PPSTREAM-A-B__2026-01-29_13-20-17,2026-01-29T13:20:17Z,120.2,TW,2PP,2,27,Bullseye,Bullseye,subadult male,BT15,2HC in batch processing,food handling,origin of new HC,"bucket 2, 30",NA,NA,NA,NA,NA,NA,NA,NA,STATE,2026-01-29T13:22:13Z,2026-01-29T13:22:14Z,116.933,117.933,1,NA,NA,NA
2026-HC-2PPSTREAM-A-B__2026-01-29_13-22-24,2026-01-29T13:22:24Z,120.9,TW,2PP,2,29,Bullseye,Bullseye,subadult male,BT16,batch processing,food handling,# of total HC handled,2HC,# of total HC eaten,0HC,# of HC processed,0HC,techniques used,NA,origin of HC1,"bucket 2, 30",STATE,2026-01-29T13:22:57Z,2026-01-29T13:22:58Z,33.7,34.667,0.967,NA,NA,NA
2026-HC-2PPSTREAM-A-B__2026-01-29_13-22-24,2026-01-29T13:22:24Z,120.9,TW,2PP,2,29,Bullseye,Bullseye,subadult male,BT16,2HC in batch processing,food handling,origin of new HC,"bucket 1, 20",NA,NA,NA,NA,NA,NA,NA,NA,STATE,2026-01-29T13:22:57Z,2026-01-29T13:22:58Z,33.7,34.667,0.967,NA,NA,NA
2026-HC-2PPSTREAM-A-B__2026-01-29_13-22-24,2026-01-29T13:22:24Z,120.9,TW,2PP,2,29,Bullseye,Bullseye,subadult male,BT17,batch processing,food handling,# of total HC handled,multiple,# of total HC eaten,0HC,# of HC processed,0HC,techniques used,NA,origin of HC1,"bucket 2, 30",STATE,2026-01-29T13:23:17Z,2026-01-29T13:23:19Z,53.767,55.733,1.966,NA,NA,NA
2026-HC-2PPSTREAM-A-B__2026-01-29_13-22-24,2026-01-29T13:22:24Z,120.9,TW,2PP,2,29,Bullseye,Bullseye,subadult male,BT18,batch processing,food handling,# of total HC handled,2HC,# of total HC eaten,0HC,# of HC processed,0HC,techniques used,NA,origin of HC1,"bucket 2, 30",STATE,2026-01-29T13:23:30Z,2026-01-29T13:23:34Z,66.267,70.967,4.7,NA,NA,NA
2026-HC-2PPSTREAM-A-B__2026-01-29_13-22-24,2026-01-29T13:22:24Z,120.9,TW,2PP,2,29,Bullseye,Bullseye,subadult male,BT18,2HC in batch processing,food handling,origin of new HC,ground,NA,NA,NA,NA,NA,NA,NA,NA,STATE,2026-01-29T13:23:33Z,2026-01-29T13:23:34Z,69.467,70.867,1.4,NA,NA,NA
2026-HC-2PPSTREAM-A-B__2026-01-29_13-22-24,2026-01-29T13:22:24Z,120.9,TW,2PP,2,30,Richard,Richard,adult male,BT19,batch processing,food handling,# of total HC handled,5HC,# of total HC eaten,0HC,# of HC processed,0HC,techniques used,NA,origin of HC1,ground,STATE,2026-01-29T13:23:47Z,2026-01-29T13:23:54Z,83.233,90.5,7.267,NA,NA,NA
2026-HC-2PPSTREAM-A-B__2026-01-29_13-22-24,2026-01-29T13:22:24Z,120.9,TW,2PP,2,30,Richard,Richard,adult male,BT19,2HC in batch processing,food handling,origin of new HC,ground,NA,NA,NA,NA,NA,NA,NA,NA,STATE,2026-01-29T13:23:48Z,2026-01-29T13:23:54Z,84,90.5,6.5,NA,NA,NA
2026-HC-2PPSTREAM-A-B__2026-01-29_13-22-24,2026-01-29T13:22:24Z,120.9,TW,2PP,2,30,Richard,Richard,adult male,BT19,3HC in batch processing,food handling,origin of new HC,ground,NA,NA,NA,NA,NA,NA,NA,NA,STATE,2026-01-29T13:23:48Z,2026-01-29T13:23:49Z,84.933,85.333,0.4,NA,NA,NA
2026-HC-2PPSTREAM-A-B__2026-01-29_13-22-24,2026-01-29T13:22:24Z,120.9,TW,2PP,2,30,Richard,Richard,adult male,BT19,3HC in batch processing,food handling,origin of new HC,ground,NA,NA,NA,NA,NA,NA,NA,NA,STATE,2026-01-29T13:23:49Z,2026-01-29T13:23:54Z,85.6,90.5,4.9,NA,NA,NA
2026-HC-2PPSTREAM-A-B__2026-01-29_13-22-24,2026-01-29T13:22:24Z,120.9,TW,2PP,2,30,Richard,Richard,adult male,BT19,4HC in batch processing,food handling,origin of new HC,"bucket 2, 30",NA,NA,NA,NA,NA,NA,NA,NA,STATE,2026-01-29T13:23:51Z,2026-01-29T13:23:54Z,87.8,90.5,2.7,NA,NA,NA
2026-HC-2PPSTREAM-A-B__2026-01-29_13-22-24,2026-01-29T13:22:24Z,120.9,TW,2PP,2,30,Richard,Richard,adult male,BT20,batch processing,food handling,# of total HC handled,3HC,# of total HC eaten,0HC,# of HC processed,0HC,techniques used,NA,origin of HC1,ground,STATE,2026-01-29T13:23:59Z,2026-01-29T13:24:07Z,95.667,103.667,8,NA,NA,NA
2026-HC-2PPSTREAM-A-B__2026-01-29_13-22-24,2026-01-29T13:22:24Z,120.9,TW,2PP,2,30,Richard,Richard,adult male,BT20,2HC in batch processing,food handling,origin of new HC,ground,NA,NA,NA,NA,NA,NA,NA,NA,STATE,2026-01-29T13:24:00Z,2026-01-29T13:24:07Z,96.067,103.667,7.6,NA,NA,NA
2026-HC-2PPSTREAM-A-B__2026-01-29_13-22-24,2026-01-29T13:22:24Z,120.9,TW,2PP,2,30,Richard,Richard,adult male,BT20,3HC in batch processing,food handling,origin of new HC,ground,NA,NA,NA,NA,NA,NA,NA,NA,STATE,2026-01-29T13:24:02Z,2026-01-29T13:24:07Z,98.567,103.667,5.1,NA,NA,NA
2026-HC-2PPSTREAM-A-B__2026-01-29_13-47-15,2026-01-29T13:47:15Z,121.667,TW,2PP,2,39,Leif,Leif,subadult male,BT21,batch processing,food handling,# of total HC handled,3HC,# of total HC eaten,0HC,# of HC processed,0HC,techniques used,NA,origin of HC1,"bucket 1, 20",STATE,2026-01-29T13:47:56Z,2026-01-29T13:48:12Z,41.9,57.2,15.3,NA,NA,NA
2026-HC-2PPSTREAM-A-B__2026-01-29_13-47-15,2026-01-29T13:47:15Z,121.667,TW,2PP,2,39,Leif,Leif,subadult male,BT21,2HC in batch processing,food handling,origin of new HC,"bucket 1, 20",NA,NA,NA,NA,NA,NA,NA,NA,STATE,2026-01-29T13:48:04Z,2026-01-29T13:48:05Z,49.267,50.467,1.2,NA,NA,NA
2026-HC-2PPSTREAM-A-B__2026-01-29_13-47-15,2026-01-29T13:47:15Z,121.667,TW,2PP,2,39,Leif,Leif,subadult male,BT21,bucket rummaging,information gain,which bucket,"bucket 1, 20",NA,NA,NA,NA,NA,NA,NA,NA,STATE,2026-01-29T13:48:05Z,2026-01-29T13:48:09Z,50.5,54.933,4.433,NA,NA,NA
2026-HC-2PPSTREAM-A-B__2026-01-29_13-47-15,2026-01-29T13:47:15Z,121.667,TW,2PP,2,39,Leif,Leif,subadult male,BT21,2HC in batch processing,food handling,origin of new HC,"bucket 1, 20",NA,NA,NA,NA,NA,NA,NA,NA,STATE,2026-01-29T13:48:10Z,2026-01-29T13:48:10Z,55,55.267,0.267,NA,NA,NA
2026-HC-2PPSTREAM-A-B__2026-02-08_16-04-07,2026-02-08T16:04:07Z,129.533,TW,2PP,3,66,Alfalfa,Alfalfa,adult male,BT22,batch processing,food handling,# of total HC handled,3HC,# of total HC eaten,0HC,# of HC processed,0HC,techniques used,NA,origin of HC1,"bucket 1, 25",STATE,2026-02-08T16:04:36Z,2026-02-08T16:04:41Z,29,34.5,5.5,NA,NA,NA
2026-HC-2PPSTREAM-A-B__2026-02-08_16-04-07,2026-02-08T16:04:07Z,129.533,TW,2PP,3,66,Alfalfa,Alfalfa,adult male,BT22,2HC in batch processing,food handling,origin of new HC,"bucket 1, 25",NA,NA,NA,NA,NA,NA,NA,NA,STATE,2026-02-08T16:04:37Z,2026-02-08T16:04:41Z,30.433,34.5,4.067,NA,NA,NA
2026-HC-2PPSTREAM-A-B__2026-02-08_16-04-07,2026-02-08T16:04:07Z,129.533,TW,2PP,3,66,Alfalfa,Alfalfa,adult male,BT22,3HC in batch processing,food handling,origin of new HC,ground,NA,NA,NA,NA,NA,NA,NA,NA,STATE,2026-02-08T16:04:39Z,2026-02-08T16:04:41Z,32.4,34.5,2.1,NA,NA,NA
2026-HC-2PPSTREAM-A-B__2026-02-08_16-04-07,2026-02-08T16:04:07Z,129.533,TW,2PP,3,68,JUV 19,NA,juvenile,BT23,batch processing,food handling,# of total HC handled,multiple,# of total HC eaten,0HC,# of HC processed,0HC,techniques used,NA,origin of HC1,"bucket 1, 25",STATE,2026-02-08T16:04:59Z,2026-02-08T16:05:03Z,52.2,56.6,4.4,NA,NA,NA
2026-HC-2PPSTREAM-A-B__2026-02-08_16-04-07,2026-02-08T16:04:07Z,129.533,TW,2PP,3,66,Alfalfa,Alfalfa,adult male,BT24,batch processing,food handling,# of total HC handled,2HC,# of total HC eaten,1HC,# of HC processed,2HC,techniques used,"manipulate with hands,bite and pull with teeth",origin of HC1,"bucket 2, 35",STATE,2026-02-08T16:05:14Z,2026-02-08T16:05:44Z,67.667,97.032,29.365,NA,NA,NA
2026-HC-2PPSTREAM-A-B__2026-02-08_16-04-07,2026-02-08T16:04:07Z,129.533,TW,2PP,3,66,Alfalfa,Alfalfa,adult male,BT24,2HC in batch processing,food handling,origin of new HC,"bucket 2, 35",NA,NA,NA,NA,NA,NA,NA,NA,STATE,2026-02-08T16:05:19Z,2026-02-08T16:05:26Z,72.867,79.5,6.633,NA,NA,NA
2026-HC-2PPSTREAM-A-B__2026-02-08_16-04-07,2026-02-08T16:04:07Z,129.533,TW,2PP,3,68,JUV 19,NA,juvenile,BT25,batch processing,food handling,# of total HC handled,multiple,# of total HC eaten,0HC,# of HC processed,0HC,techniques used,NA,origin of HC1,"bucket 2, 35",STATE,2026-02-08T16:05:58Z,2026-02-08T16:06:05Z,111.1,118.733,7.633,NA,NA,NA
2026-HC-2PPSTREAM-A-B__2026-02-08_16-04-07,2026-02-08T16:04:07Z,129.533,TW,2PP,3,68,JUV 19,NA,juvenile,BT25,smells held HC,information gain,HC quantity,1HC,NA,NA,NA,NA,NA,NA,NA,NA,STATE,2026-02-08T16:06:02Z,2026-02-08T16:06:03Z,115.933,116.5,0.567,NA,NA,NA
2026-HC-2PPSTREAM-A-B__2026-02-08_16-06-16,2026-02-08T16:06:16Z,134.367,TW,2PP,3,70,AF 20,NA,adult female,BT26,batch processing,food handling,# of total HC handled,multiple,# of total HC eaten,0HC,# of HC processed,0HC,techniques used,NA,origin of HC1,"bucket 2, 35",STATE,2026-02-08T16:06:33Z,2026-02-08T16:06:35Z,17.467,19.666,2.199,etna,NA,flag - etna
2026-HC-2PPSTREAM-A-B__2026-02-08_16-06-16,2026-02-08T16:06:16Z,134.367,TW,2PP,3,71,JUV 21,NA,juvenile,BT27,batch processing,food handling,# of total HC handled,multiple,# of total HC eaten,0HC,# of HC processed,0HC,techniques used,NA,origin of HC1,"bucket 1, 25",STATE,2026-02-08T16:08:19Z,2026-02-08T16:08:26Z,123.733,130.033,6.3,NA,NA,NA
2026-HC-2PPSTREAM-A-B__2026-02-08_16-08-57,2026-02-08T16:08:57Z,132.6,TW,2PP,3,73,JUV 22,NA,juvenile,BT28,batch processing,food handling,# of total HC handled,multiple,# of total HC eaten,0HC,# of HC processed,0HC,techniques used,NA,origin of HC1,"bucket 2, 35",STATE,2026-02-08T16:09:10Z,2026-02-08T16:09:14Z,13.267,17.267,4,NA,NA,NA
2026-HC-2PPSTREAM-A-B__2026-02-08_16-08-57,2026-02-08T16:08:57Z,132.6,TW,2PP,3,73,JUV 22,NA,juvenile,BT28,smells held HC,information gain,HC quantity,multiple,NA,NA,NA,NA,NA,NA,NA,NA,STATE,2026-02-08T16:09:11Z,2026-02-08T16:09:12Z,14.3,15.267,0.967,NA,NA,NA
2026-HC-2PPSTREAM-A-B__2026-02-08_16-08-57,2026-02-08T16:08:57Z,132.6,TW,2PP,3,72,Alfalfa,Alfalfa,adult male,BT29,batch processing,food handling,# of total HC handled,2HC,# of total HC eaten,0HC,# of HC processed,0HC,techniques used,NA,origin of HC1,"bucket 2, 35",STATE,2026-02-08T16:09:42Z,2026-02-08T16:09:46Z,45.733,49.799,4.066,etna,NA,flag - etna
2026-HC-2PPSTREAM-A-B__2026-02-08_16-08-57,2026-02-08T16:08:57Z,132.6,TW,2PP,3,72,Alfalfa,Alfalfa,adult male,BT29,2HC in batch processing,food handling,origin of new HC,"bucket 2, 35",NA,NA,NA,NA,NA,NA,NA,NA,STATE,2026-02-08T16:09:43Z,2026-02-08T16:09:46Z,46.967,49.799,2.832,etna,NA,flag - etna
2026-HC-2PPSTREAM-A-B__2026-02-08_16-12-39,2026-02-08T16:12:39Z,117.9,TW,2PP,3,76,Alfalfa,Alfalfa,adult male,BT30,batch processing,food handling,# of total HC handled,3HC,# of total HC eaten,0HC,# of HC processed,1HC,techniques used,manipulate with hands,origin of HC1,"bucket 2, 35",STATE,2026-02-08T16:12:47Z,2026-02-08T16:13:02Z,8.733,23.966,15.233,NA,NA,NA
2026-HC-2PPSTREAM-A-B__2026-02-08_16-12-39,2026-02-08T16:12:39Z,117.9,TW,2PP,3,76,Alfalfa,Alfalfa,adult male,BT30,2HC in batch processing,food handling,origin of new HC,"bucket 2, 35",NA,NA,NA,NA,NA,NA,NA,NA,STATE,2026-02-08T16:12:50Z,2026-02-08T16:13:02Z,11.1,23.966,12.866,NA,NA,NA
2026-HC-2PPSTREAM-A-B__2026-02-08_16-12-39,2026-02-08T16:12:39Z,117.9,TW,2PP,3,76,Alfalfa,Alfalfa,adult male,BT30,3HC in batch processing,food handling,origin of new HC,"bucket 2, 35",NA,NA,NA,NA,NA,NA,NA,NA,STATE,2026-02-08T16:12:52Z,2026-02-08T16:13:02Z,13.6,23.966,10.366,NA,NA,NA
2026-HC-2PPSTREAM-A-B__2026-02-08_16-12-39,2026-02-08T16:12:39Z,117.9,TW,2PP,3,77,Billy,Billy,adult male,BT31,batch processing,food handling,# of total HC handled,4HC,# of total HC eaten,unknown,# of HC processed,2HC,techniques used,hit/pound on surface,origin of HC1,"bucket 1, 25",STATE,2026-02-08T16:12:58Z,2026-02-08T16:13:38Z,19.267,59.799,40.532,etna,NA,flag - etna
2026-HC-2PPSTREAM-A-B__2026-02-08_16-12-39,2026-02-08T16:12:39Z,117.9,TW,2PP,3,77,Billy,Billy,adult male,BT31,2HC in batch processing,food handling,origin of new HC,"bucket 2, 35",NA,NA,NA,NA,NA,NA,NA,NA,STATE,2026-02-08T16:13:02Z,2026-02-08T16:13:38Z,23.7,59.799,36.099,etna,NA,flag - etna
2026-HC-2PPSTREAM-A-B__2026-02-08_16-12-39,2026-02-08T16:12:39Z,117.9,TW,2PP,3,77,Billy,Billy,adult male,BT31,3HC in batch processing,food handling,origin of new HC,"bucket 2, 35",NA,NA,NA,NA,NA,NA,NA,NA,STATE,2026-02-08T16:13:04Z,2026-02-08T16:13:14Z,25.3,35.033,9.733,NA,NA,NA
2026-HC-2PPSTREAM-A-B__2026-02-08_16-12-39,2026-02-08T16:12:39Z,117.9,TW,2PP,3,77,Billy,Billy,adult male,BT31,4HC in batch processing,food handling,origin of new HC,ground,NA,NA,NA,NA,NA,NA,NA,NA,STATE,2026-02-08T16:13:09Z,2026-02-08T16:13:12Z,30.8,33.833,3.033,NA,NA,NA
2026-HC-2PPSTREAM-A-B__2026-02-08_16-12-39,2026-02-08T16:12:39Z,117.9,TW,2PP,3,77,Billy,Billy,adult male,BT31,smells held HC,information gain,HC quantity,1HC,NA,NA,NA,NA,NA,NA,NA,NA,STATE,2026-02-08T16:13:10Z,2026-02-08T16:13:12Z,31.9,33.033,1.133,NA,NA,NA
2026-HC-2PPSTREAM-A-B__2026-02-08_16-53-54,2026-02-08T16:53:54Z,139.933,TW,2PP,3,85,SAF 28,NA,subadult female,BT32,batch processing,food handling,# of total HC handled,2HC,# of total HC eaten,0HC,# of HC processed,0HC,techniques used,NA,origin of HC1,"bucket 1, 25",STATE,2026-02-08T16:54:38Z,2026-02-08T16:54:39Z,44.667,45.1,0.433,NA,NA,NA
2026-HC-2PPSTREAM-A-B__2026-02-08_16-53-54,2026-02-08T16:53:54Z,139.933,TW,2PP,3,85,SAF 28,NA,subadult female,BT32,2HC in batch processing,food handling,origin of new HC,"bucket 1, 25",NA,NA,NA,NA,NA,NA,NA,NA,STATE,2026-02-08T16:54:38Z,2026-02-08T16:54:39Z,44.667,45.1,0.433,NA,NA,NA
2026-HC-2PPSTREAM-A-B__2026-02-13_07-49-28,2026-02-13T07:49:28Z,141.1,TW,2PP,4,102,Leif,Leif,subadult male,BT33,batch processing,food handling,# of total HC handled,3HC,# of total HC eaten,0HC,# of HC processed,0HC,techniques used,NA,origin of HC1,"bucket 1, 35",STATE,2026-02-13T07:50:56Z,2026-02-13T07:51:05Z,88.8,97.332,8.532,etna,NA,flag - etna
2026-HC-2PPSTREAM-A-B__2026-02-13_07-49-28,2026-02-13T07:49:28Z,141.1,TW,2PP,4,102,Leif,Leif,subadult male,BT33,2HC in batch processing,food handling,origin of new HC,"bucket 1, 35",NA,NA,NA,NA,NA,NA,NA,NA,STATE,2026-02-13T07:50:58Z,2026-02-13T07:51:05Z,90.5,97.332,6.832,etna,NA,flag - etna
2026-HC-2PPSTREAM-A-B__2026-02-13_07-49-28,2026-02-13T07:49:28Z,141.1,TW,2PP,4,102,Leif,Leif,subadult male,BT33,3HC in batch processing,food handling,origin of new HC,"bucket 2, 25",NA,NA,NA,NA,NA,NA,NA,NA,STATE,2026-02-13T07:51:02Z,2026-02-13T07:51:05Z,94.433,97.332,2.899,etna,NA,flag - etna
2026-HC-2PPSTREAM-A-B__2026-02-14_08-09-05,2026-02-14T08:09:05Z,120.067,TW,2PP,4,103,Leif,Leif,subadult male,BT34,batch processing,food handling,# of total HC handled,3HC,# of total HC eaten,2HC,# of HC processed,unknown,techniques used,"manipulate with hands,hit/pound on surface",origin of HC1,"bucket 1, 35",STATE,2026-02-14T08:09:17Z,2026-02-14T08:11:05Z,12.133,120.067,107.934,etna,limited visibility,flag - limited visibility
2026-HC-2PPSTREAM-A-B__2026-02-14_08-09-05,2026-02-14T08:09:05Z,120.067,TW,2PP,4,103,Leif,Leif,subadult male,BT34,2HC in batch processing,food handling,origin of new HC,"bucket 1, 35",NA,NA,NA,NA,NA,NA,NA,NA,STATE,2026-02-14T08:09:18Z,2026-02-14T08:11:05Z,13.933,120.067,106.134,etna,limited visibility,flag - limited visibility
2026-HC-2PPSTREAM-A-B__2026-02-14_08-09-05,2026-02-14T08:09:05Z,120.067,TW,2PP,4,103,Leif,Leif,subadult male,BT34,3HC in batch processing,food handling,origin of new HC,"bucket 1, 35",NA,NA,NA,NA,NA,NA,NA,NA,STATE,2026-02-14T08:09:22Z,2026-02-14T08:11:05Z,17.433,120.067,102.634,etna,limited visibility,flag - limited visibility
2026-HC-2PPSTREAM-A-B__2026-02-14_08-11-30,2026-02-14T08:11:30Z,120.3,TW,2PP,4,104,Leif,Leif,subadult male,BT35,batch processing,food handling,# of total HC handled,4HC,# of total HC eaten,2HC,# of HC processed,unknown,techniques used,manipulate with hands,origin of HC1,"bucket 1, 35",STATE,2026-02-14T08:11:37Z,2026-02-14T08:13:29Z,7,119.933,112.933,etna,limited visibility,flag - limited visibility
2026-HC-2PPSTREAM-A-B__2026-02-14_08-11-30,2026-02-14T08:11:30Z,120.3,TW,2PP,4,104,Leif,Leif,subadult male,BT35,2HC in batch processing,food handling,origin of new HC,"bucket 1, 35",NA,NA,NA,NA,NA,NA,NA,NA,STATE,2026-02-14T08:11:37Z,2026-02-14T08:11:38Z,7.9,8.567,0.667,NA,NA,NA
2026-HC-2PPSTREAM-A-B__2026-02-14_08-11-30,2026-02-14T08:11:30Z,120.3,TW,2PP,4,104,Leif,Leif,subadult male,BT35,2HC in batch processing,food handling,origin of new HC,"bucket 1, 35",NA,NA,NA,NA,NA,NA,NA,NA,STATE,2026-02-14T08:11:39Z,2026-02-14T08:11:40Z,9.7,10.5,0.8,NA,NA,NA
2026-HC-2PPSTREAM-A-B__2026-02-14_08-11-30,2026-02-14T08:11:30Z,120.3,TW,2PP,4,104,Leif,Leif,subadult male,BT35,bucket inspection,information gain,which bucket,"bucket 2, 25",NA,NA,NA,NA,NA,NA,NA,NA,STATE,2026-02-14T08:11:43Z,2026-02-14T08:11:44Z,13.1,14.3,1.2,NA,NA,NA
2026-HC-2PPSTREAM-A-B__2026-02-14_08-11-30,2026-02-14T08:11:30Z,120.3,TW,2PP,4,104,Leif,Leif,subadult male,BT35,2HC in batch processing,food handling,origin of new HC,"bucket 2, 25",NA,NA,NA,NA,NA,NA,NA,NA,STATE,2026-02-14T08:11:45Z,2026-02-14T08:13:29Z,15.967,119.933,103.966,etna,limited visibility,flag - limited visibility
2026-HC-2PPSTREAM-A-B__2026-02-14_08-13-33,2026-02-14T08:13:33Z,120.3,TW,2PP,4,106,Leif,Leif,subadult male,BT36,batch processing,food handling,# of total HC handled,4HC,# of total HC eaten,2HC,# of HC processed,unknown,techniques used,"manipulate with hands,hit/pound on surface",origin of HC1,"bucket 2, 25",STATE,2026-02-14T08:13:39Z,2026-02-14T08:15:19Z,6.2,106.933,100.733,etna,limited visibility,flag - limited visibility
2026-HC-2PPSTREAM-A-B__2026-02-14_08-13-33,2026-02-14T08:13:33Z,120.3,TW,2PP,4,106,Leif,Leif,subadult male,BT36,2HC in batch processing,food handling,origin of new HC,"bucket 2, 25",NA,NA,NA,NA,NA,NA,NA,NA,STATE,2026-02-14T08:13:40Z,2026-02-14T08:15:19Z,7.533,106.933,99.4,etna,limited visibility,flag - limited visibility
2026-HC-2PPSTREAM-A-B__2026-02-14_08-13-33,2026-02-14T08:13:33Z,120.3,TW,2PP,4,106,Leif,Leif,subadult male,BT36,3HC in batch processing,food handling,origin of new HC,"bucket 2, 25",NA,NA,NA,NA,NA,NA,NA,NA,STATE,2026-02-14T08:13:42Z,2026-02-14T08:15:19Z,9.1,106.933,97.833,etna,limited visibility,flag - limited visibility
2026-HC-2PPSTREAM-A-B__2026-02-14_08-13-33,2026-02-14T08:13:33Z,120.3,TW,2PP,4,106,Leif,Leif,subadult male,BT36,4HC in batch processing,food handling,origin of new HC,"bucket 2, 25",NA,NA,NA,NA,NA,NA,NA,NA,STATE,2026-02-14T08:13:45Z,2026-02-14T08:15:19Z,12.833,106.933,94.1,etna,limited visibility,flag - limited visibility
2026-HC-2PPSTREAM-A-B__2026-02-14_08-13-33,2026-02-14T08:13:33Z,120.3,TW,2PP,4,105,Bullseye,Bullseye,subadult male,BT37,batch processing,food handling,# of total HC handled,2HC,# of total HC eaten,0HC,# of HC processed,0HC,techniques used,NA,origin of HC1,"bucket 1, 35",STATE,2026-02-14T08:14:02Z,2026-02-14T08:14:04Z,29.233,31.367,2.134,NA,NA,NA
2026-HC-2PPSTREAM-A-B__2026-02-14_08-13-33,2026-02-14T08:13:33Z,120.3,TW,2PP,4,105,Bullseye,Bullseye,subadult male,BT37,2HC in batch processing,food handling,origin of new HC,"bucket 1, 35",NA,NA,NA,NA,NA,NA,NA,NA,STATE,2026-02-14T08:14:02Z,2026-02-14T08:14:04Z,29.233,31.367,2.134,NA,NA,NA
2026-HC-2PPSTREAM-A-B__2026-02-14_08-13-33,2026-02-14T08:13:33Z,120.3,TW,2PP,4,105,Bullseye,Bullseye,subadult male,BT37,smells held HC,information gain,HC quantity,2HC,NA,NA,NA,NA,NA,NA,NA,NA,STATE,2026-02-14T08:14:03Z,2026-02-14T08:14:03Z,30.3,30.7,0.4,NA,NA,NA
2026-HC-BBC-A-B__2026-01-31_16-50-55,2026-01-31T16:50:55Z,121.967,TW,BBC,3,117,Bob,Bob,juvenile male,BB1,batch processing,food handling,# of total HC handled,4HC,# of total HC eaten,1HC,# of HC processed,2HC,techniques used,"manipulate with hands,roll/scrub on surface,pound with hammerstone",origin of HC1,"bucket 2, 25",STATE,2026-01-31T16:51:05Z,2026-01-31T16:51:48Z,10.367,53.3,42.933,NA,NA,NA
2026-HC-BBC-A-B__2026-01-31_16-50-55,2026-01-31T16:50:55Z,121.967,TW,BBC,3,117,Bob,Bob,juvenile male,BB1,bucket inspection,information gain,which bucket,"bucket 1, 35",NA,NA,NA,NA,NA,NA,NA,NA,STATE,2026-01-31T16:51:07Z,2026-01-31T16:51:09Z,12.433,14.2,1.767,NA,NA,NA
2026-HC-BBC-A-B__2026-01-31_16-50-55,2026-01-31T16:50:55Z,121.967,TW,BBC,3,117,Bob,Bob,juvenile male,BB1,bucket rummaging,information gain,which bucket,"bucket 1, 35",NA,NA,NA,NA,NA,NA,NA,NA,STATE,2026-01-31T16:51:09Z,2026-01-31T16:51:11Z,14.233,16.933,2.7,NA,NA,NA
2026-HC-BBC-A-B__2026-01-31_16-50-55,2026-01-31T16:50:55Z,121.967,TW,BBC,3,117,Bob,Bob,juvenile male,BB1,2HC in batch processing,food handling,origin of new HC,"bucket 1, 35",NA,NA,NA,NA,NA,NA,NA,NA,STATE,2026-01-31T16:51:12Z,2026-01-31T16:51:29Z,17.133,34.467,17.334,NA,NA,NA
2026-HC-BBC-A-B__2026-01-31_16-50-55,2026-01-31T16:50:55Z,121.967,TW,BBC,3,117,Bob,Bob,juvenile male,BB1,3HC in batch processing,food handling,origin of new HC,"bucket 1, 35",NA,NA,NA,NA,NA,NA,NA,NA,STATE,2026-01-31T16:51:12Z,2026-01-31T16:51:20Z,17.133,25.2,8.067,NA,NA,NA
2026-HC-BBC-A-B__2026-01-31_16-50-55,2026-01-31T16:50:55Z,121.967,TW,BBC,3,117,Bob,Bob,juvenile male,BB1,4HC in batch processing,food handling,origin of new HC,"bucket 1, 35",NA,NA,NA,NA,NA,NA,NA,NA,STATE,2026-01-31T16:51:12Z,2026-01-31T16:51:14Z,17.133,19.7,2.567,NA,NA,NA
2026-HC-BBC-A-B__2026-01-31_16-50-55,2026-01-31T16:50:55Z,121.967,TW,BBC,3,117,Bob,Bob,juvenile male,BB1,smells held HC,information gain,HC quantity,multiple,NA,NA,NA,NA,NA,NA,NA,NA,STATE,2026-01-31T16:51:12Z,2026-01-31T16:51:13Z,17.6,18.033,0.433,NA,NA,NA
2026-HC-BBC-A-B__2026-01-31_16-52-58,2026-01-31T16:52:58Z,121.067,TW,BBC,3,118,Bob,Bob,juvenile male,BB2,batch processing,food handling,# of total HC handled,3HC,# of total HC eaten,0HC,# of HC processed,3HC,techniques used,"manipulate with hands,pound with hammerstone",origin of HC1,"bucket 2, 25",STATE,2026-01-31T16:53:36Z,2026-01-31T16:53:48Z,38.233,50.7,12.467,NA,NA,NA
2026-HC-BBC-A-B__2026-01-31_16-52-58,2026-01-31T16:52:58Z,121.067,TW,BBC,3,118,Bob,Bob,juvenile male,BB2,2HC in batch processing,food handling,origin of new HC,"bucket 2, 25",NA,NA,NA,NA,NA,NA,NA,NA,STATE,2026-01-31T16:53:36Z,2026-01-31T16:53:42Z,38.233,44.333,6.1,NA,NA,NA
2026-HC-BBC-A-B__2026-01-31_16-52-58,2026-01-31T16:52:58Z,121.067,TW,BBC,3,118,Bob,Bob,juvenile male,BB2,3HC in batch processing,food handling,origin of new HC,"bucket 2, 25",NA,NA,NA,NA,NA,NA,NA,NA,STATE,2026-01-31T16:53:38Z,2026-01-31T16:53:42Z,40.867,44.333,3.466,NA,NA,NA
2026-HC-BBC-A-B__2026-01-31_16-52-58,2026-01-31T16:52:58Z,121.067,TW,BBC,3,118,Bob,Bob,juvenile male,BB2,smells held HC,information gain,HC quantity,1HC,NA,NA,NA,NA,NA,NA,NA,NA,STATE,2026-01-31T16:53:44Z,2026-01-31T16:53:45Z,46.667,47.1,0.433,NA,NA,NA
2026-HC-BBC-A-B__2026-01-31_16-52-58,2026-01-31T16:52:58Z,121.067,TW,BBC,3,118,Bob,Bob,juvenile male,BB3,batch processing,food handling,# of total HC handled,3HC,# of total HC eaten,0HC,# of HC processed,0HC,techniques used,NA,origin of HC1,ground,STATE,2026-01-31T16:53:49Z,2026-01-31T16:54:06Z,51.9,68.599,16.699,etna,NA,flag - etna
2026-HC-BBC-A-B__2026-01-31_16-52-58,2026-01-31T16:52:58Z,121.067,TW,BBC,3,118,Bob,Bob,juvenile male,BB3,2HC in batch processing,food handling,origin of new HC,ground,NA,NA,NA,NA,NA,NA,NA,NA,STATE,2026-01-31T16:53:50Z,2026-01-31T16:54:06Z,52.533,68.599,16.066,NA,NA,NA
2026-HC-BBC-A-B__2026-01-31_16-52-58,2026-01-31T16:52:58Z,121.067,TW,BBC,3,118,Bob,Bob,juvenile male,BB3,3HC in batch processing,food handling,origin of new HC,"bucket 1, 35",NA,NA,NA,NA,NA,NA,NA,NA,STATE,2026-01-31T16:53:53Z,2026-01-31T16:54:06Z,55.233,68.599,13.366,NA,NA,NA
2026-HC-BBC-A-B__2026-01-31_16-52-58,2026-01-31T16:52:58Z,121.067,TW,BBC,3,118,Bob,Bob,juvenile male,BB3,smells held HC,information gain,HC quantity,1HC,NA,NA,NA,NA,NA,NA,NA,NA,STATE,2026-01-31T16:53:53Z,2026-01-31T16:53:53Z,55.4,55.8,0.4,NA,NA,NA
2026-HC-BBC-A-B__2026-01-31_16-52-58,2026-01-31T16:52:58Z,121.067,TW,BBC,3,119,Luigi,Luigi,juvenile male,BB4,batch processing,food handling,# of total HC handled,2HC,# of total HC eaten,0HC,# of HC processed,1HC,techniques used,"manipulate with hands,bite and pull with teeth",origin of HC1,ground,STATE,2026-01-31T16:53:51Z,2026-01-31T16:53:55Z,53.867,57.767,3.9,NA,NA,NA
2026-HC-BBC-A-B__2026-01-31_16-52-58,2026-01-31T16:52:58Z,121.067,TW,BBC,3,119,Luigi,Luigi,juvenile male,BB4,2HC in batch processing,food handling,origin of new HC,ground,NA,NA,NA,NA,NA,NA,NA,NA,STATE,2026-01-31T16:53:52Z,2026-01-31T16:53:55Z,54.9,57.767,2.867,NA,NA,NA
2026-HC-BBC-A-B__2026-01-31_16-52-58,2026-01-31T16:52:58Z,121.067,TW,BBC,3,119,Luigi,Luigi,juvenile male,BB5,batch processing,food handling,# of total HC handled,multiple,# of total HC eaten,1HC,# of HC processed,1HC,techniques used,pound with hammerstone,origin of HC1,"bucket 1, 35",STATE,2026-01-31T16:54:01Z,2026-01-31T16:54:09Z,63.433,71.5,8.067,NA,NA,NA
2026-HC-BBC-A-B__2026-01-31_16-52-58,2026-01-31T16:52:58Z,121.067,TW,BBC,3,119,Luigi,Luigi,juvenile male,BB6,batch processing,food handling,# of total HC handled,2HC,# of total HC eaten,1HC,# of HC processed,2HC,techniques used,"hit/pound on surface,pound with hammerstone",origin of HC1,ground,STATE,2026-01-31T16:54:10Z,2026-01-31T16:54:20Z,72.767,82.367,9.6,NA,NA,NA
2026-HC-BBC-A-B__2026-01-31_16-52-58,2026-01-31T16:52:58Z,121.067,TW,BBC,3,119,Luigi,Luigi,juvenile male,BB6,2HC in batch processing,food handling,origin of new HC,ground,NA,NA,NA,NA,NA,NA,NA,NA,STATE,2026-01-31T16:54:11Z,2026-01-31T16:54:13Z,73.467,75.733,2.266,NA,NA,NA
2026-HC-BBC-A-B__2026-01-31_16-52-58,2026-01-31T16:52:58Z,121.067,TW,BBC,3,119,Luigi,Luigi,juvenile male,BB7,batch processing,food handling,# of total HC handled,multiple,# of total HC eaten,0HC,# of HC processed,0HC,techniques used,NA,origin of HC1,"bucket 1, 35",STATE,2026-01-31T16:54:22Z,2026-01-31T16:54:26Z,84.533,88.6,4.067,NA,NA,NA
2026-HC-BBC-A-B__2026-01-31_16-52-58,2026-01-31T16:52:58Z,121.067,TW,BBC,3,119,Luigi,Luigi,juvenile male,BB8,batch processing,food handling,# of total HC handled,multiple,# of total HC eaten,1HC,# of HC processed,1HC,techniques used,pound with hammerstone,origin of HC1,"bucket 1, 35",STATE,2026-01-31T16:54:32Z,2026-01-31T16:54:38Z,94.333,100.267,5.934,NA,NA,NA
2026-HC-BBC-A-B__2026-01-31_16-52-58,2026-01-31T16:52:58Z,121.067,TW,BBC,3,119,Luigi,Luigi,juvenile male,BB9,batch processing,food handling,# of total HC handled,3HC,# of total HC eaten,1HC,# of HC processed,1HC,techniques used,manipulate with hands,origin of HC1,ground,STATE,2026-01-31T16:54:38Z,2026-01-31T16:54:44Z,100.6,106.233,5.633,NA,NA,NA
2026-HC-BBC-A-B__2026-01-31_16-52-58,2026-01-31T16:52:58Z,121.067,TW,BBC,3,119,Luigi,Luigi,juvenile male,BB9,2HC in batch processing,food handling,origin of new HC,ground,NA,NA,NA,NA,NA,NA,NA,NA,STATE,2026-01-31T16:54:38Z,2026-01-31T16:54:41Z,100.6,103.933,3.333,NA,NA,NA
2026-HC-BBC-A-B__2026-01-31_16-52-58,2026-01-31T16:52:58Z,121.067,TW,BBC,3,119,Luigi,Luigi,juvenile male,BB9,3HC in batch processing,food handling,origin of new HC,"bucket 2, 25",NA,NA,NA,NA,NA,NA,NA,NA,STATE,2026-01-31T16:54:40Z,2026-01-31T16:54:41Z,102.8,103.933,1.133,NA,NA,NA
2026-HC-BBC-A-B__2026-01-31_16-52-58,2026-01-31T16:52:58Z,121.067,TW,BBC,3,118,Bob,Bob,juvenile male,BB10,batch processing,food handling,# of total HC handled,3HC,# of total HC eaten,0HC,# of HC processed,multiple,techniques used,pound with hammerstone,origin of HC1,"bucket 1, 35",STATE,2026-01-31T16:54:43Z,2026-01-31T16:54:58Z,105.933,120,14.067,etna,NA,flag - etna
2026-HC-BBC-A-B__2026-01-31_16-52-58,2026-01-31T16:52:58Z,121.067,TW,BBC,3,118,Bob,Bob,juvenile male,BB10,2HC in batch processing,food handling,origin of new HC,ground,NA,NA,NA,NA,NA,NA,NA,NA,STATE,2026-01-31T16:54:45Z,2026-01-31T16:54:58Z,107.667,120,12.333,etna,NA,flag - etna
2026-HC-BBC-A-B__2026-01-31_16-52-58,2026-01-31T16:52:58Z,121.067,TW,BBC,3,118,Bob,Bob,juvenile male,BB10,3HC in batch processing,food handling,origin of new HC,ground,NA,NA,NA,NA,NA,NA,NA,NA,STATE,2026-01-31T16:54:47Z,2026-01-31T16:54:58Z,109.4,120,10.6,etna,NA,flag - etna
2026-HC-BBC-A-B__2026-01-31_16-52-58,2026-01-31T16:52:58Z,121.067,TW,BBC,3,119,Luigi,Luigi,juvenile male,BB11,batch processing,food handling,# of total HC handled,2HC,# of total HC eaten,1HC,# of HC processed,1HC,techniques used,pound with hammerstone,origin of HC1,ground,STATE,2026-01-31T16:54:44Z,2026-01-31T16:54:54Z,106.9,116.6,9.7,NA,NA,NA
2026-HC-BBC-A-B__2026-01-31_16-52-58,2026-01-31T16:52:58Z,121.067,TW,BBC,3,119,Luigi,Luigi,juvenile male,BB11,2HC in batch processing,food handling,origin of new HC,ground,NA,NA,NA,NA,NA,NA,NA,NA,STATE,2026-01-31T16:54:45Z,2026-01-31T16:54:46Z,107.067,108.7,1.633,NA,NA,NA
2026-HC-BBC-A-B__2026-01-31_16-55-07,2026-01-31T16:55:07Z,137.267,TW,BBC,3,121,Luigi,Luigi,juvenile male,BB12,batch processing,food handling,# of total HC handled,3HC,# of total HC eaten,1HC,# of HC processed,1HC,techniques used,pound with hammerstone,origin of HC1,"bucket 2, 25",STATE,2026-01-31T16:55:36Z,2026-01-31T16:55:48Z,29.233,41.767,12.534,NA,NA,NA
2026-HC-BBC-A-B__2026-01-31_16-55-07,2026-01-31T16:55:07Z,137.267,TW,BBC,3,121,Luigi,Luigi,juvenile male,BB12,2HC in batch processing,food handling,origin of new HC,"bucket 2, 25",NA,NA,NA,NA,NA,NA,NA,NA,STATE,2026-01-31T16:55:37Z,2026-01-31T16:55:42Z,30.167,35.633,5.466,NA,NA,NA
2026-HC-BBC-A-B__2026-01-31_16-55-07,2026-01-31T16:55:07Z,137.267,TW,BBC,3,121,Luigi,Luigi,juvenile male,BB12,3HC in batch processing,food handling,origin of new HC,"bucket 1, 35",NA,NA,NA,NA,NA,NA,NA,NA,STATE,2026-01-31T16:55:39Z,2026-01-31T16:55:40Z,32.767,33.7,0.933,NA,NA,NA
2026-HC-BBC-A-B__2026-01-31_17-21-32,2026-01-31T17:21:32Z,120.033,TW,BBC,3,131,JUV 47,NA,juvenile,BB13,batch processing,food handling,# of total HC handled,2HC,# of total HC eaten,0HC,# of HC processed,0HC,techniques used,NA,origin of HC1,"bucket 2, 25",STATE,2026-01-31T17:21:41Z,2026-01-31T17:21:43Z,9.5,11.133,1.633,NA,NA,NA
2026-HC-BBC-A-B__2026-01-31_17-21-32,2026-01-31T17:21:32Z,120.033,TW,BBC,3,131,JUV 47,NA,juvenile,BB13,2HC in batch processing,food handling,origin of new HC,"bucket 2, 25",NA,NA,NA,NA,NA,NA,NA,NA,STATE,2026-01-31T17:21:41Z,2026-01-31T17:21:43Z,9.5,11.1,1.6,NA,NA,NA
2026-HC-BBC-A-B__2026-02-08_17-03-39,2026-02-08T17:03:39Z,120.3,TW,BBC,4,140,Bob,Bob,juvenile male,BB14,batch processing,food handling,# of total HC handled,3HC,# of total HC eaten,0HC,# of HC processed,0HC,techniques used,NA,origin of HC1,"bucket 1, 30",STATE,2026-02-08T17:03:50Z,2026-02-08T17:04:00Z,11.8,21.266,9.466,etna,NA,flag - etna
2026-HC-BBC-A-B__2026-02-08_17-03-39,2026-02-08T17:03:39Z,120.3,TW,BBC,4,140,Bob,Bob,juvenile male,BB14,2HC in batch processing,food handling,origin of new HC,"bucket 1, 30",NA,NA,NA,NA,NA,NA,NA,NA,STATE,2026-02-08T17:03:53Z,2026-02-08T17:04:00Z,14.167,21.266,7.099,etna,NA,flag - etna
2026-HC-BBC-A-B__2026-02-08_17-03-39,2026-02-08T17:03:39Z,120.3,TW,BBC,4,140,Bob,Bob,juvenile male,BB14,3HC in batch processing,food handling,origin of new HC,"bucket 1, 30",NA,NA,NA,NA,NA,NA,NA,NA,STATE,2026-02-08T17:03:53Z,2026-02-08T17:04:00Z,14.167,21.266,7.099,etna,NA,flag - etna
2026-HC-BBC-A-B__2026-02-08_17-06-02,2026-02-08T17:06:02Z,138.567,TW,BBC,4,142,Bob,Bob,juvenile male,BB15,batch processing,food handling,# of total HC handled,2HC,# of total HC eaten,1HC,# of HC processed,unknown,techniques used,hit/pound on surface,origin of HC1,"bucket 1, 30",STATE,2026-02-08T17:06:26Z,2026-02-08T17:06:37Z,24.367,35.799,11.432,etna,limited visibility,flag - limited visibility
2026-HC-BBC-A-B__2026-02-08_17-06-02,2026-02-08T17:06:02Z,138.567,TW,BBC,4,142,Bob,Bob,juvenile male,BB15,2HC in batch processing,food handling,origin of new HC,"bucket 1, 30",NA,NA,NA,NA,NA,NA,NA,NA,STATE,2026-02-08T17:06:28Z,2026-02-08T17:06:37Z,26,35.799,9.799,limited visibility,NA,flag - limited visibility
2026-HC-BBC-A-B__2026-02-08_17-06-02,2026-02-08T17:06:02Z,138.567,TW,BBC,4,144,JUV 51,NA,juvenile,BB16,batch processing,food handling,# of total HC handled,multiple,# of total HC eaten,unknown,# of HC processed,unknown,techniques used,NA,origin of HC1,"bucket 1, 30",STATE,2026-02-08T17:07:46Z,2026-02-08T17:07:50Z,104.433,108.999,4.566,etna,NA,flag - etna
2026-HC-BBC-A-B__2026-02-08_17-08-24,2026-02-08T17:08:24Z,139.4,TW,BBC,4,145,JUV 52,NA,juvenile,BB17,batch processing,food handling,# of total HC handled,multiple,# of total HC eaten,unknown,# of HC processed,unknown,techniques used,NA,origin of HC1,"bucket 1, 30",STATE,2026-02-08T17:08:50Z,2026-02-08T17:08:54Z,26.2,30.032,3.832,etna,NA,flag - etna
2026-HC-BBC-A-B__2026-02-08_17-29-56,2026-02-08T17:29:56Z,121.967,TW,BBC,4,147,JUV 53,NA,juvenile,BB18,batch processing,food handling,# of total HC handled,2HC,# of total HC eaten,unknown,# of HC processed,unknown,techniques used,NA,origin of HC1,"bucket 1, 30",STATE,2026-02-08T17:30:06Z,2026-02-08T17:30:11Z,10.267,15.199,4.932,etna,NA,flag - etna
2026-HC-BBC-A-B__2026-02-08_17-29-56,2026-02-08T17:29:56Z,121.967,TW,BBC,4,147,JUV 53,NA,juvenile,BB18,2HC in batch processing,food handling,origin of new HC,"bucket 1, 30",NA,NA,NA,NA,NA,NA,NA,NA,STATE,2026-02-08T17:30:08Z,2026-02-08T17:30:11Z,12.167,15.199,3.032,etna,NA,flag - etna
2026-HC-BBC-A-B__2026-02-08_17-29-56,2026-02-08T17:29:56Z,121.967,TW,BBC,4,146,Bob,Bob,juvenile male,BB19,batch processing,food handling,# of total HC handled,multiple,# of total HC eaten,unknown,# of HC processed,unknown,techniques used,NA,origin of HC1,"bucket 1, 30",STATE,2026-02-08T17:31:35Z,2026-02-08T17:31:42Z,99.5,106.199,6.699,etna,NA,flag - etna
2026-HC-BBC-A-B__2026-02-09_06-59-18,2026-02-09T06:59:18Z,120.367,TW,BBC,4,149,Luigi,Luigi,juvenile male,BB20,batch processing,food handling,# of total HC handled,3HC,# of total HC eaten,2HC,# of HC processed,2HC,techniques used,pound with hammerstone,origin of HC1,"bucket 2, 20",STATE,2026-02-09T06:59:31Z,2026-02-09T07:00:07Z,13.933,49.267,35.334,NA,NA,NA
2026-HC-BBC-A-B__2026-02-09_06-59-18,2026-02-09T06:59:18Z,120.367,TW,BBC,4,149,Luigi,Luigi,juvenile male,BB20,2HC in batch processing,food handling,origin of new HC,"bucket 2, 20",NA,NA,NA,NA,NA,NA,NA,NA,STATE,2026-02-09T06:59:36Z,2026-02-09T06:59:53Z,18.9,35.433,16.533,NA,NA,NA
2026-HC-BBC-A-B__2026-02-09_06-59-18,2026-02-09T06:59:18Z,120.367,TW,BBC,4,149,Luigi,Luigi,juvenile male,BB20,3HC in batch processing,food handling,origin of new HC,"bucket 2, 20",NA,NA,NA,NA,NA,NA,NA,NA,STATE,2026-02-09T06:59:38Z,2026-02-09T06:59:40Z,20.133,22.5,2.367,NA,NA,NA
2026-HC-BBC-A-B__2026-02-09_07-01-21,2026-02-09T07:01:21Z,120.367,TW,BBC,4,150,Bob,Bob,juvenile male,BB21,batch processing,food handling,# of total HC handled,2HC,# of total HC eaten,0HC,# of HC processed,0HC,techniques used,NA,origin of HC1,"bucket 2, 20",STATE,2026-02-09T07:01:43Z,2026-02-09T07:01:49Z,22.9,28.732,5.832,NA,NA,NA
2026-HC-BBC-A-B__2026-02-09_07-01-21,2026-02-09T07:01:21Z,120.367,TW,BBC,4,150,Bob,Bob,juvenile male,BB21,2HC in batch processing,food handling,origin of new HC,"bucket 2, 20",NA,NA,NA,NA,NA,NA,NA,NA,STATE,2026-02-09T07:01:46Z,2026-02-09T07:01:49Z,25.967,28.732,2.765,NA,NA,NA
2026-HC-BBC-A-B__2026-02-09_07-01-21,2026-02-09T07:01:21Z,120.367,TW,BBC,4,150,Bob,Bob,juvenile male,BB22,batch processing,food handling,# of total HC handled,2HC,# of total HC eaten,unknown,# of HC processed,unknown,techniques used,NA,origin of HC1,"bucket 2, 20",STATE,2026-02-09T07:02:17Z,2026-02-09T07:02:25Z,56.4,64.399,7.999,NA,NA,NA
2026-HC-BBC-A-B__2026-02-09_07-01-21,2026-02-09T07:01:21Z,120.367,TW,BBC,4,150,Bob,Bob,juvenile male,BB22,2HC in batch processing,food handling,origin of new HC,"bucket 2, 20",NA,NA,NA,NA,NA,NA,NA,NA,STATE,2026-02-09T07:02:19Z,2026-02-09T07:02:25Z,58.8,64.399,5.599,NA,NA,NA
2026-HC-BBC-A-B__2026-02-11_15-20-42,2026-02-11T15:20:42Z,145.167,TW,BBC,4,156,Bob,Bob,juvenile male,BB23,batch processing,food handling,# of total HC handled,3HC,# of total HC eaten,1HC,# of HC processed,3HC,techniques used,"manipulate with hands,hit/pound on surface",origin of HC1,"bucket 2, 20",STATE,2026-02-11T15:22:49Z,2026-02-11T15:23:07Z,127.667,145.167,17.5,etna,NA,flag - etna
2026-HC-BBC-A-B__2026-02-11_15-20-42,2026-02-11T15:20:42Z,145.167,TW,BBC,4,156,Bob,Bob,juvenile male,BB23,2HC in batch processing,food handling,origin of new HC,"bucket 2, 20",NA,NA,NA,NA,NA,NA,NA,NA,STATE,2026-02-11T15:22:49Z,2026-02-11T15:23:07Z,127.667,145.166,17.499,etna,NA,flag - etna
2026-HC-BBC-A-B__2026-02-11_15-20-42,2026-02-11T15:20:42Z,145.167,TW,BBC,4,156,Bob,Bob,juvenile male,BB23,3HC in batch processing,food handling,origin of new HC,"bucket 2, 20",NA,NA,NA,NA,NA,NA,NA,NA,STATE,2026-02-11T15:22:49Z,2026-02-11T15:23:07Z,127.667,145.166,17.499,etna,NA,flag - etna
