observation_id,observation_date,media_duration_s,coder_id_initials,arena_site,deployement_period,subject,event,event_category,modifier_1,modifier_2,modifier_3,modifier_4,modifier_5,event_type,event_real_time_start,event_real_time_stop,start_s,stop_s,duration_s,comment_1,comment_2,flag
2026-HC-2PPSTREAM-A-B__2026-01-21_16-35-53,2026-01-21T16:35:53Z,120.5,TW,2PP,1,Winston,handling HC,food handling,NA,bucket 1,not broken,NA,NA,STATE,2026-01-21T16:37:49Z,2026-01-21T16:37:53Z,116.8,120.5,3.7,etna,NA,flag - etna
2026-HC-2PPSTREAM-A-B__2026-01-21_16-38-07,2026-01-21T16:38:07Z,120.5,TW,2PP,1,Winston,bucket inspection,information gain,bucket 1,NA,NA,NA,NA,STATE,2026-01-21T16:38:07Z,2026-01-21T16:38:11Z,0,4.533,4.533,stna,NA,flag - stna
2026-HC-2PPSTREAM-A-B__2026-01-21_16-38-07,2026-01-21T16:38:07Z,120.5,TW,2PP,1,Winston,handling HC,food handling,NA,bucket 1,not broken,NA,NA,STATE,2026-01-21T16:38:53Z,2026-01-21T16:38:55Z,46.3,48.532,2.232,etna,NA,flag - etna
2026-HC-2PPSTREAM-A-B__2026-01-21_16-38-07,2026-01-21T16:38:07Z,120.5,TW,2PP,1,Winston,manipulate with hand(s),food processing - non-tool use,"move between hands,adjust grip",hand,NA,NA,NA,STATE,2026-01-21T16:38:53Z,2026-01-21T16:38:55Z,46.733,48.532,1.799,etna,NA,flag - etna
2026-HC-2PPSTREAM-A-B__2026-01-21_16-38-07,2026-01-21T16:38:07Z,120.5,TW,2PP,1,Billy,2HC in batch processing,food handling,ground,NA,NA,NA,NA,STATE,2026-01-21T16:39:57Z,2026-01-21T16:40:07Z,110.4,120.5,10.1,etna,NA,flag - etna
2026-HC-2PPSTREAM-A-B__2026-01-21_16-40-12,2026-01-21T16:40:12Z,120.767,TW,2PP,1,Billy,batch processing,food handling,multiple,0HC,0HC,NA,unknown,STATE,2026-01-21T16:40:12Z,2026-01-21T16:40:20Z,0,8.532,8.532,stna,NA,flag - stna
2026-HC-2PPSTREAM-A-B__2026-01-21_16-40-12,2026-01-21T16:40:12Z,120.767,TW,2PP,1,Winston,batch processing,food handling,3HC,0HC,0HC,NA,bucket 1,STATE,2026-01-21T16:41:06Z,2026-01-21T16:41:09Z,54.4,57.599,3.199,etna,NA,flag - etna
2026-HC-2PPSTREAM-A-B__2026-01-21_16-40-12,2026-01-21T16:40:12Z,120.767,TW,2PP,1,Winston,2HC in batch processing,food handling,bucket 1,NA,NA,NA,NA,STATE,2026-01-21T16:41:07Z,2026-01-21T16:41:09Z,55.433,57.599,2.166,etna,NA,flag - etna
2026-HC-2PPSTREAM-A-B__2026-01-21_16-40-12,2026-01-21T16:40:12Z,120.767,TW,2PP,1,Winston,3HC in batch processing,food handling,bucket 1,NA,NA,NA,NA,STATE,2026-01-21T16:41:08Z,2026-01-21T16:41:09Z,56.433,57.599,1.166,etna,NA,flag - etna
2026-HC-2PPSTREAM-A-B__2026-01-21_16-44-51,2026-01-21T16:44:51Z,120.533,TW,2PP,1,Winston,batch processing,food handling,multiple,0HC,0HC,manipulate with hands,bucket 1,STATE,2026-01-21T16:44:56Z,2026-01-21T16:45:04Z,5.833,13.632,7.799,etna,"grabbed many, dropped some, grabbed more, ran off",flag - etna
2026-HC-2PPSTREAM-A-B__2026-01-21_16-47-28,2026-01-21T16:47:28Z,121.6,TW,2PP,1,Billy,batch processing,food handling,2HC,0HC,0HC,NA,bucket 1,STATE,2026-01-21T16:48:16Z,2026-01-21T16:48:21Z,48.2,53.866,5.666,etna,NA,flag - etna
2026-HC-2PPSTREAM-A-B__2026-01-21_16-47-28,2026-01-21T16:47:28Z,121.6,TW,2PP,1,Billy,2HC in batch processing,food handling,bucket 1,NA,NA,NA,NA,STATE,2026-01-21T16:48:17Z,2026-01-21T16:48:21Z,49.967,53.866,3.899,etna,NA,flag - etna
2026-HC-2PPSTREAM-A-B__2026-01-29_13-17-36,2026-01-29T13:17:36Z,128.033,TW,2PP,2,Bullseye,handling HC,food handling,NA,bucket 2,not broken,NA,NA,STATE,2026-01-29T13:19:41Z,2026-01-29T13:19:44Z,125.9,128.033,2.133,etna,NA,flag - etna
2026-HC-2PPSTREAM-A-B__2026-01-29_13-20-17,2026-01-29T13:20:17Z,120.2,TW,2PP,2,Bullseye,handling HC,food handling,NA,bucket 2,not broken,NA,NA,STATE,2026-01-29T13:21:18Z,2026-01-29T13:21:27Z,61.567,70.832,9.265,etna,NA,flag - etna
2026-HC-2PPSTREAM-A-B__2026-01-29_13-20-17,2026-01-29T13:20:17Z,120.2,TW,2PP,2,Bullseye,manipulate with hand(s),food processing - non-tool use,pull with hand,hand,NA,NA,NA,STATE,2026-01-29T13:21:19Z,2026-01-29T13:21:27Z,62.233,70.832,8.599,etna,NA,flag - etna
2026-HC-2PPSTREAM-A-B__2026-01-29_13-20-17,2026-01-29T13:20:17Z,120.2,TW,2PP,2,Richard,batch processing,food handling,multiple,1HC,multiple,pound with hammerstone,bucket 1,STATE,2026-01-29T13:21:33Z,2026-01-29T13:22:11Z,76.433,114.232,37.799,etna,NA,flag - etna
2026-HC-2PPSTREAM-A-B__2026-01-29_13-20-17,2026-01-29T13:20:17Z,120.2,TW,2PP,2,Bullseye,handling HC,food handling,NA,unknown,unknown,NA,NA,STATE,2026-01-29T13:21:37Z,2026-01-29T13:21:56Z,80.667,99.067,18.4,stna,NA,flag - stna
2026-HC-2PPSTREAM-A-B__2026-01-29_13-20-17,2026-01-29T13:20:17Z,120.2,TW,2PP,2,Bullseye,manipulate with hand(s),food processing - non-tool use,"adjust grip,pull with hand",hand,NA,NA,NA,STATE,2026-01-29T13:21:37Z,2026-01-29T13:21:44Z,80.667,87.067,6.4,stna,NA,flag - stna
2026-HC-2PPSTREAM-A-B__2026-01-29_13-20-17,2026-01-29T13:20:17Z,120.2,TW,2PP,2,Bullseye,batch processing,food handling,2HC,0HC,1HC,hit/pound on surface,bucket 2,STATE,2026-01-29T13:22:13Z,2026-01-29T13:22:17Z,116.933,120.167,3.234,etna,NA,flag - etna
2026-HC-2PPSTREAM-A-B__2026-01-29_13-22-24,2026-01-29T13:22:24Z,120.9,TW,2PP,2,Bullseye,handling HC,food handling,NA,unknown,unknown,NA,NA,STATE,2026-01-29T13:22:24Z,2026-01-29T13:22:47Z,0,23.033,23.033,stna,NA,flag - stna
2026-HC-2PPSTREAM-A-B__2026-01-29_13-22-24,2026-01-29T13:22:24Z,120.9,TW,2PP,2,Bullseye,handling HC,food handling,NA,bucket 2,not broken,NA,NA,STATE,2026-01-29T13:23:44Z,2026-01-29T13:24:24Z,80.033,120.9,40.867,etna,NA,flag - etna
2026-HC-2PPSTREAM-A-B__2026-01-29_13-22-24,2026-01-29T13:22:24Z,120.9,TW,2PP,2,Bullseye,manipulate with hand(s),food processing - non-tool use,"pull with hand,unknown",hand,NA,NA,NA,STATE,2026-01-29T13:23:51Z,2026-01-29T13:23:52Z,87.167,88.433,1.266,limited visibility,NA,flag - limited visibility
2026-HC-2PPSTREAM-A-B__2026-01-29_13-22-24,2026-01-29T13:22:24Z,120.9,TW,2PP,2,Richard,handling HC,food handling,NA,bucket 2,not broken,NA,NA,STATE,2026-01-29T13:24:12Z,2026-01-29T13:24:24Z,108.833,120.9,12.067,etna,NA,flag - etna
2026-HC-2PPSTREAM-A-B__2026-01-29_13-22-24,2026-01-29T13:22:24Z,120.9,TW,2PP,2,Bullseye,manipulate with hand(s),food processing - non-tool use,"adjust grip,pull with hand,other - comment",foot,NA,NA,NA,STATE,2026-01-29T13:24:18Z,2026-01-29T13:24:24Z,114.4,120.9,6.5,hands and foot,etna,flag - etna
2026-HC-2PPSTREAM-A-B__2026-01-29_13-24-38,2026-01-29T13:24:38Z,129.1,TW,2PP,2,Richard,handling HC,food handling,NA,unknown,unknown,NA,NA,STATE,2026-01-29T13:24:38Z,2026-01-29T13:24:45Z,0,7.733,7.733,stna,NA,flag - stna
2026-HC-2PPSTREAM-A-B__2026-01-29_13-24-38,2026-01-29T13:24:38Z,129.1,TW,2PP,2,Richard,handling HC,food handling,NA,bucket 2,not broken,NA,NA,STATE,2026-01-29T13:24:59Z,2026-01-29T13:25:09Z,21.2,31.232,10.032,etna,NA,flag - etna
2026-HC-2PPSTREAM-A-B__2026-01-29_13-24-38,2026-01-29T13:24:38Z,129.1,TW,2PP,2,Bullseye,handling HC,food handling,NA,ground,unknown,NA,NA,STATE,2026-01-29T13:25:13Z,2026-01-29T13:25:20Z,35.467,42.566,7.099,etna,NA,flag - etna
2026-HC-2PPSTREAM-A-B__2026-01-29_13-24-38,2026-01-29T13:24:38Z,129.1,TW,2PP,2,Martha,handling HC,food handling,NA,ground,unknown,NA,NA,STATE,2026-01-29T13:25:37Z,2026-01-29T13:26:35Z,59.9,117.299,57.399,etna,NA,flag - etna
2026-HC-2PPSTREAM-A-B__2026-01-29_13-24-38,2026-01-29T13:24:38Z,129.1,TW,2PP,2,Martha,hit/pound on surface,food processing,natural wood,NA,NA,NA,NA,POINT,2026-01-29T13:26:12Z,2026-01-29T13:26:12Z,94.833,94.833,NA,limited visibility,NA,flag - limited visibility
2026-HC-2PPSTREAM-A-B__2026-01-29_13-24-38,2026-01-29T13:24:38Z,129.1,TW,2PP,2,Martha,hit/pound on surface,food processing,natural wood,NA,NA,NA,NA,POINT,2026-01-29T13:26:14Z,2026-01-29T13:26:14Z,96.167,96.167,NA,limited visibility,NA,flag - limited visibility
2026-HC-2PPSTREAM-A-B__2026-01-29_13-24-38,2026-01-29T13:24:38Z,129.1,TW,2PP,2,Martha,hit/pound on surface,food processing,natural wood,NA,NA,NA,NA,POINT,2026-01-29T13:26:15Z,2026-01-29T13:26:15Z,97.033,97.033,NA,limited visibility,NA,flag - limited visibility
2026-HC-2PPSTREAM-A-B__2026-01-29_13-24-38,2026-01-29T13:24:38Z,129.1,TW,2PP,2,Martha,hit/pound on surface,food processing,natural wood,NA,NA,NA,NA,POINT,2026-01-29T13:26:15Z,2026-01-29T13:26:15Z,97.667,97.667,NA,limited visibility,NA,flag - limited visibility
2026-HC-2PPSTREAM-A-B__2026-01-29_13-24-38,2026-01-29T13:24:38Z,129.1,TW,2PP,2,Martha,hit/pound on surface,food processing,natural wood,NA,NA,NA,NA,POINT,2026-01-29T13:26:17Z,2026-01-29T13:26:17Z,99.333,99.333,NA,limited visibility,NA,flag - limited visibility
2026-HC-2PPSTREAM-A-B__2026-01-29_13-24-38,2026-01-29T13:24:38Z,129.1,TW,2PP,2,Martha,hit/pound on surface,food processing,natural wood,NA,NA,NA,NA,POINT,2026-01-29T13:26:18Z,2026-01-29T13:26:18Z,100,100,NA,limited visibility,NA,flag - limited visibility
2026-HC-2PPSTREAM-A-B__2026-01-29_13-24-38,2026-01-29T13:24:38Z,129.1,TW,2PP,2,Martha,hit/pound on surface,food processing,natural wood,NA,NA,NA,NA,POINT,2026-01-29T13:26:19Z,2026-01-29T13:26:19Z,101.233,101.233,NA,limited visibility,NA,flag - limited visibility
2026-HC-2PPSTREAM-A-B__2026-01-29_13-24-38,2026-01-29T13:24:38Z,129.1,TW,2PP,2,Martha,hit/pound on surface,food processing,natural wood,NA,NA,NA,NA,POINT,2026-01-29T13:26:20Z,2026-01-29T13:26:20Z,102.133,102.133,NA,limited visibility,NA,flag - limited visibility
2026-HC-2PPSTREAM-A-B__2026-01-29_13-24-38,2026-01-29T13:24:38Z,129.1,TW,2PP,2,Martha,hit/pound on surface,food processing,natural wood,NA,NA,NA,NA,POINT,2026-01-29T13:26:20Z,2026-01-29T13:26:20Z,102.733,102.733,NA,limited visibility,NA,flag - limited visibility
2026-HC-2PPSTREAM-A-B__2026-01-29_13-24-38,2026-01-29T13:24:38Z,129.1,TW,2PP,2,Martha,hit/pound on surface,food processing,natural wood,NA,NA,NA,NA,POINT,2026-01-29T13:26:28Z,2026-01-29T13:26:28Z,110.5,110.5,NA,limited visibility,NA,flag - limited visibility
2026-HC-2PPSTREAM-A-B__2026-01-29_13-24-38,2026-01-29T13:24:38Z,129.1,TW,2PP,2,Martha,hit/pound on surface,food processing,natural wood,NA,NA,NA,NA,POINT,2026-01-29T13:26:29Z,2026-01-29T13:26:29Z,111.033,111.033,NA,limited visibility,NA,flag - limited visibility
2026-HC-2PPSTREAM-A-B__2026-01-29_13-24-38,2026-01-29T13:24:38Z,129.1,TW,2PP,2,Martha,hit/pound on surface,food processing,natural wood,NA,NA,NA,NA,POINT,2026-01-29T13:26:29Z,2026-01-29T13:26:29Z,111.667,111.667,NA,limited visibility,NA,flag - limited visibility
2026-HC-2PPSTREAM-A-B__2026-01-29_13-24-38,2026-01-29T13:24:38Z,129.1,TW,2PP,2,Martha,hit/pound on surface,food processing,natural wood,NA,NA,NA,NA,POINT,2026-01-29T13:26:30Z,2026-01-29T13:26:30Z,112.3,112.3,NA,limited visibility,NA,flag - limited visibility
2026-HC-2PPSTREAM-A-B__2026-01-29_13-24-38,2026-01-29T13:24:38Z,129.1,TW,2PP,2,Martha,hit/pound on surface,food processing,natural wood,NA,NA,NA,NA,POINT,2026-01-29T13:26:31Z,2026-01-29T13:26:31Z,113.1,113.1,NA,limited visibility,NA,flag - limited visibility
2026-HC-2PPSTREAM-A-B__2026-01-29_13-24-38,2026-01-29T13:24:38Z,129.1,TW,2PP,2,Martha,hit/pound on surface,food processing,natural wood,NA,NA,NA,NA,POINT,2026-01-29T13:26:31Z,2026-01-29T13:26:31Z,113.467,113.467,NA,limited visibility,NA,flag - limited visibility
2026-HC-2PPSTREAM-A-B__2026-01-29_13-24-38,2026-01-29T13:24:38Z,129.1,TW,2PP,2,Martha,hit/pound on surface,food processing,natural wood,NA,NA,NA,NA,POINT,2026-01-29T13:26:32Z,2026-01-29T13:26:32Z,114.033,114.033,NA,limited visibility,NA,flag - limited visibility
2026-HC-2PPSTREAM-A-B__2026-01-29_13-24-38,2026-01-29T13:24:38Z,129.1,TW,2PP,2,adult male #1,handling HC,food handling,NA,bucket 2,not broken,NA,NA,STATE,2026-01-29T13:26:44Z,2026-01-29T13:26:47Z,126.8,129.1,2.3,etna,NA,flag - etna
2026-HC-2PPSTREAM-A-B__2026-01-29_13-24-38,2026-01-29T13:24:38Z,129.1,TW,2PP,2,adult male #1,manipulate with hand(s),food processing - non-tool use,"adjust grip,pull with hand",hand,NA,NA,NA,STATE,2026-01-29T13:26:45Z,2026-01-29T13:26:47Z,127.367,129.1,1.733,etna,NA,flag - etna
2026-HC-2PPSTREAM-A-B__2026-01-29_13-44-53,2026-01-29T13:44:53Z,130.1,TW,2PP,2,Robin,handling HC,food handling,NA,bucket 1,not broken,NA,NA,STATE,2026-01-29T13:46:19Z,2026-01-29T13:46:42Z,86.133,109.132,22.999,etna,NA,flag - etna
2026-HC-2PPSTREAM-A-B__2026-01-29_13-44-53,2026-01-29T13:44:53Z,130.1,TW,2PP,2,Robin,point of interest/general comment,user notes,other - comment,NA,NA,NA,NA,POINT,2026-01-29T13:46:32Z,2026-01-29T13:46:32Z,99.833,99.833,NA,limited visibility,NA,flag - limited visibility
2026-HC-2PPSTREAM-A-B__2026-01-29_13-44-53,2026-01-29T13:44:53Z,130.1,TW,2PP,2,Robin,point of interest/general comment,user notes,other - comment,NA,NA,NA,NA,POINT,2026-01-29T13:46:41Z,2026-01-29T13:46:41Z,108.567,108.567,NA,limited visibility,NA,flag - limited visibility
2026-HC-2PPSTREAM-A-B__2026-01-29_13-44-53,2026-01-29T13:44:53Z,130.1,TW,2PP,2,Leif,handling HC,food handling,NA,ground,unknown,NA,NA,STATE,2026-01-29T13:47:02Z,2026-01-29T13:47:03Z,129.033,130.1,1.067,etna,NA,flag - etna
2026-HC-2PPSTREAM-A-B__2026-01-29_13-47-15,2026-01-29T13:47:15Z,121.667,TW,2PP,2,Leif,manipulate with hand(s),food processing - non-tool use,other - comment,hand,NA,NA,NA,STATE,2026-01-29T13:47:38Z,2026-01-29T13:47:39Z,23.967,24.767,0.8,limited visibility,NA,flag - limited visibility
2026-HC-2PPSTREAM-A-B__2026-01-29_13-47-15,2026-01-29T13:47:15Z,121.667,TW,2PP,2,Leif,manipulate with hand(s),food processing - non-tool use,"pull with hand,other - comment",hand,NA,NA,NA,STATE,2026-01-29T13:47:44Z,2026-01-29T13:47:48Z,29.233,33.667,4.434,limited visibility,NA,flag - limited visibility
2026-HC-2PPSTREAM-A-B__2026-01-29_13-47-15,2026-01-29T13:47:15Z,121.667,TW,2PP,2,Leif,handling HC,food handling,NA,bucket 1,not broken,NA,NA,STATE,2026-01-29T13:48:29Z,2026-01-29T13:48:38Z,74.633,83.766,9.133,etna,NA,flag - etna
2026-HC-2PPSTREAM-A-B__2026-01-29_13-49-41,2026-01-29T13:49:41Z,129.567,TW,2PP,2,Robin,handling HC,food handling,NA,bucket 1,not broken,NA,NA,STATE,2026-01-29T13:49:56Z,2026-01-29T13:50:11Z,15.467,30.199,14.732,etna,NA,flag - etna
2026-HC-2PPSTREAM-A-B__2026-01-29_13-49-41,2026-01-29T13:49:41Z,129.567,TW,2PP,2,Leif,handling HC,food handling,NA,ground,unknown,NA,NA,STATE,2026-01-29T13:51:32Z,2026-01-29T13:51:41Z,111.967,120.632,8.665,etna,NA,flag - etna
2026-HC-2PPSTREAM-A-B__2026-02-08_16-04-07,2026-02-08T16:04:07Z,129.533,TW,2PP,3,Alfalfa,handling HC,food handling,NA,ground,unknown,NA,NA,STATE,2026-02-08T16:05:55Z,2026-02-08T16:06:07Z,108.8,120.132,11.332,etna,NA,flag - etna
2026-HC-2PPSTREAM-A-B__2026-02-08_16-04-07,2026-02-08T16:04:07Z,129.533,TW,2PP,3,Alfalfa,manipulate with hand(s),food processing - non-tool use,pick with finger,hand,NA,NA,NA,STATE,2026-02-08T16:06:06Z,2026-02-08T16:06:07Z,119.367,120.132,0.765,etna,NA,flag - etna
2026-HC-2PPSTREAM-A-B__2026-02-08_16-06-16,2026-02-08T16:06:16Z,134.367,TW,2PP,3,adult female #1,batch processing,food handling,multiple,0HC,0HC,NA,bucket 2,STATE,2026-02-08T16:06:33Z,2026-02-08T16:06:35Z,17.467,19.666,2.199,etna,NA,flag - etna
2026-HC-2PPSTREAM-A-B__2026-02-08_16-06-16,2026-02-08T16:06:16Z,134.367,TW,2PP,3,Alfalfa,handling HC,food handling,NA,bucket 2,not broken,NA,NA,STATE,2026-02-08T16:07:35Z,2026-02-08T16:08:16Z,79.9,120.099,40.199,etna,limited visibility,flag - limited visibility
2026-HC-2PPSTREAM-A-B__2026-02-08_16-06-16,2026-02-08T16:06:16Z,134.367,TW,2PP,3,Alfalfa,hit/pound on surface,food processing,natural wood,NA,NA,NA,NA,POINT,2026-02-08T16:07:41Z,2026-02-08T16:07:41Z,85.233,85.233,NA,limited visibility,NA,flag - limited visibility
2026-HC-2PPSTREAM-A-B__2026-02-08_16-06-16,2026-02-08T16:06:16Z,134.367,TW,2PP,3,Alfalfa,hit/pound on surface,food processing,natural wood,NA,NA,NA,NA,POINT,2026-02-08T16:07:42Z,2026-02-08T16:07:42Z,86,86,NA,limited visibility,NA,flag - limited visibility
2026-HC-2PPSTREAM-A-B__2026-02-08_16-06-16,2026-02-08T16:06:16Z,134.367,TW,2PP,3,Alfalfa,hit/pound on surface,food processing,natural wood,NA,NA,NA,NA,POINT,2026-02-08T16:07:43Z,2026-02-08T16:07:43Z,87.5,87.5,NA,limited visibility,NA,flag - limited visibility
2026-HC-2PPSTREAM-A-B__2026-02-08_16-06-16,2026-02-08T16:06:16Z,134.367,TW,2PP,3,Alfalfa,hit/pound on surface,food processing,natural wood,NA,NA,NA,NA,POINT,2026-02-08T16:07:44Z,2026-02-08T16:07:44Z,88.3,88.3,NA,limited visibility,NA,flag - limited visibility
2026-HC-2PPSTREAM-A-B__2026-02-08_16-06-16,2026-02-08T16:06:16Z,134.367,TW,2PP,3,Alfalfa,hit/pound on surface,food processing,natural wood,NA,NA,NA,NA,POINT,2026-02-08T16:07:45Z,2026-02-08T16:07:45Z,89.067,89.067,NA,limited visibility,NA,flag - limited visibility
2026-HC-2PPSTREAM-A-B__2026-02-08_16-06-16,2026-02-08T16:06:16Z,134.367,TW,2PP,3,Alfalfa,manipulate with hand(s),food processing - non-tool use,unknown,hand,NA,NA,NA,STATE,2026-02-08T16:07:45Z,2026-02-08T16:07:46Z,89.867,90.967,1.1,limited visibility,NA,flag - limited visibility
2026-HC-2PPSTREAM-A-B__2026-02-08_16-06-16,2026-02-08T16:06:16Z,134.367,TW,2PP,3,Alfalfa,point of interest/general comment,user notes,ex. food processing,NA,NA,NA,NA,POINT,2026-02-08T16:08:06Z,2026-02-08T16:08:06Z,110.2,110.2,NA,limited visibility,NA,flag - limited visibility
2026-HC-2PPSTREAM-A-B__2026-02-08_16-06-16,2026-02-08T16:06:16Z,134.367,TW,2PP,3,juvenile #1,handling HC,food handling,NA,bucket 1,not broken,NA,NA,STATE,2026-02-08T16:08:28Z,2026-02-08T16:08:30Z,132.633,134.366,1.733,etna,NA,flag - etna
2026-HC-2PPSTREAM-A-B__2026-02-08_16-08-57,2026-02-08T16:08:57Z,132.6,TW,2PP,3,Alfalfa,batch processing,food handling,2HC,0HC,0HC,NA,bucket 2,STATE,2026-02-08T16:09:42Z,2026-02-08T16:09:46Z,45.733,49.799,4.066,etna,NA,flag - etna
2026-HC-2PPSTREAM-A-B__2026-02-08_16-08-57,2026-02-08T16:08:57Z,132.6,TW,2PP,3,Alfalfa,2HC in batch processing,food handling,bucket 2,NA,NA,NA,NA,STATE,2026-02-08T16:09:43Z,2026-02-08T16:09:46Z,46.967,49.799,2.832,etna,NA,flag - etna
2026-HC-2PPSTREAM-A-B__2026-02-08_16-08-57,2026-02-08T16:08:57Z,132.6,TW,2PP,3,juvenile #2,handling HC,food handling,NA,unknown,unknown,NA,NA,STATE,2026-02-08T16:09:44Z,2026-02-08T16:09:49Z,47.733,52.367,4.634,stna,NA,flag - stna
2026-HC-2PPSTREAM-A-B__2026-02-08_16-08-57,2026-02-08T16:08:57Z,132.6,TW,2PP,3,juvenile #1,point of interest/general comment,user notes,"ex. food processing,other - comment",NA,NA,NA,NA,POINT,2026-02-08T16:09:45Z,2026-02-08T16:09:45Z,48.5,48.5,NA,limited visibility,use of tail to hold HC in place (obstructs view),flag - limited visibility
2026-HC-2PPSTREAM-A-B__2026-02-08_16-08-57,2026-02-08T16:08:57Z,132.6,TW,2PP,3,juvenile #1,handling HC,food handling,NA,bucket 1,not broken,NA,NA,STATE,2026-02-08T16:09:55Z,2026-02-08T16:09:59Z,58.667,62.632,3.965,etna,NA,flag - etna
2026-HC-2PPSTREAM-A-B__2026-02-08_16-08-57,2026-02-08T16:08:57Z,132.6,TW,2PP,3,juvenile #3,handling HC,food handling,NA,bucket 2,not broken,NA,NA,STATE,2026-02-08T16:10:13Z,2026-02-08T16:10:18Z,76.3,81.666,5.366,etna,NA,flag - etna
2026-HC-2PPSTREAM-A-B__2026-02-08_16-12-39,2026-02-08T16:12:39Z,117.9,TW,2PP,3,juvenile #1,handling HC,food handling,NA,ground,unknown,NA,NA,STATE,2026-02-08T16:12:58Z,2026-02-08T16:12:59Z,19.033,20.099,1.066,etna,NA,flag - etna
2026-HC-2PPSTREAM-A-B__2026-02-08_16-12-39,2026-02-08T16:12:39Z,117.9,TW,2PP,3,Billy,batch processing,food handling,4HC,unknown,2HC,hit/pound on surface,bucket 1,STATE,2026-02-08T16:12:58Z,2026-02-08T16:13:38Z,19.267,59.799,40.532,etna,NA,flag - etna
2026-HC-2PPSTREAM-A-B__2026-02-08_16-12-39,2026-02-08T16:12:39Z,117.9,TW,2PP,3,Billy,2HC in batch processing,food handling,bucket 2,NA,NA,NA,NA,STATE,2026-02-08T16:13:02Z,2026-02-08T16:13:38Z,23.7,59.799,36.099,etna,NA,flag - etna
2026-HC-2PPSTREAM-A-B__2026-02-08_16-12-39,2026-02-08T16:12:39Z,117.9,TW,2PP,3,Dimples,point of interest/general comment,user notes,"ex. food handling,ex. food processing",NA,NA,NA,NA,POINT,2026-02-08T16:13:28Z,2026-02-08T16:13:28Z,49.8,49.8,NA,limited visibility,NA,flag - limited visibility
2026-HC-2PPSTREAM-A-B__2026-02-08_16-12-39,2026-02-08T16:12:39Z,117.9,TW,2PP,3,Dimples,handling HC,food handling,NA,ground,unknown,NA,NA,STATE,2026-02-08T16:14:03Z,2026-02-08T16:14:07Z,84.767,88.466,3.699,etna,NA,flag - etna
2026-HC-2PPSTREAM-A-B__2026-02-08_16-15-04,2026-02-08T16:15:04Z,120.333,TW,2PP,3,juvenile #1,handling HC,food handling,NA,anvil,previously processed,different capuchin,ground,STATE,2026-02-08T16:16:30Z,2026-02-08T16:16:41Z,86.933,97.1,10.167,pp by Billy,NA,flag - previously processed
2026-HC-2PPSTREAM-A-B__2026-02-11_17-30-19,2026-02-11T17:30:19Z,132.7,TW,2PP,3,subadult male #1,handling HC,food handling,NA,bucket 1,not broken,NA,NA,STATE,2026-02-11T17:30:37Z,2026-02-11T17:30:41Z,18.9,22.166,3.266,etna,NA,flag - etna
2026-HC-2PPSTREAM-A-B__2026-02-13_07-32-26,2026-02-13T07:32:26Z,120.733,TW,2PP,4,Nami,handling HC,food handling,NA,bucket 2,not broken,NA,NA,STATE,2026-02-13T07:32:38Z,2026-02-13T07:32:40Z,12.133,14.066,1.933,etna,NA,flag - etna
2026-HC-2PPSTREAM-A-B__2026-02-13_07-37-37,2026-02-13T07:37:37Z,122.833,TW,2PP,4,Nami,handling HC,food handling,NA,bucket 1,not broken,NA,NA,STATE,2026-02-13T07:38:25Z,2026-02-13T07:38:27Z,48.133,50.799,2.666,etna,NA,flag - etna
2026-HC-2PPSTREAM-A-B__2026-02-13_07-37-37,2026-02-13T07:37:37Z,122.833,TW,2PP,4,Leif,point of interest/general comment,user notes,other - comment,NA,NA,NA,NA,POINT,2026-02-13T07:39:03Z,2026-02-13T07:39:03Z,86,86,NA,limited visibility,NA,flag - limited visibility
2026-HC-2PPSTREAM-A-B__2026-02-13_07-37-37,2026-02-13T07:37:37Z,122.833,TW,2PP,4,adult male #2,handling HC,food handling,NA,anvil,unknown,NA,NA,STATE,2026-02-13T07:39:18Z,2026-02-13T07:39:39Z,101.5,122.833,21.333,etna,NA,flag - etna
2026-HC-2PPSTREAM-A-B__2026-02-13_07-45-01,2026-02-13T07:45:01Z,120.067,TW,2PP,4,Leif,point of interest/general comment,user notes,other - comment,NA,NA,NA,NA,POINT,2026-02-13T07:45:15Z,2026-02-13T07:45:15Z,14.1,14.1,NA,limited visibility,NA,flag - limited visibility
2026-HC-2PPSTREAM-A-B__2026-02-13_07-45-01,2026-02-13T07:45:01Z,120.067,TW,2PP,4,Leif,manipulate with hand(s),food processing - non-tool use,pull with hand,hand,NA,NA,NA,STATE,2026-02-13T07:45:20Z,2026-02-13T07:45:24Z,19.967,23.3,3.333,limited visibility,NA,flag - limited visibility
2026-HC-2PPSTREAM-A-B__2026-02-13_07-45-01,2026-02-13T07:45:01Z,120.067,TW,2PP,4,Leif,manipulate with hand(s),food processing - non-tool use,"pull with hand,unknown",hand,NA,NA,NA,STATE,2026-02-13T07:45:32Z,2026-02-13T07:45:35Z,31.6,34.333,2.733,limited visibility,NA,flag - limited visibility
2026-HC-2PPSTREAM-A-B__2026-02-13_07-45-01,2026-02-13T07:45:01Z,120.067,TW,2PP,4,Leif,point of interest/general comment,user notes,other - comment,NA,NA,NA,NA,POINT,2026-02-13T07:46:02Z,2026-02-13T07:46:02Z,61.167,61.167,NA,limited visibility,NA,flag - limited visibility
2026-HC-2PPSTREAM-A-B__2026-02-13_07-45-01,2026-02-13T07:45:01Z,120.067,TW,2PP,4,Robin,handling HC,food handling,NA,bucket 2,not broken,NA,NA,STATE,2026-02-13T07:46:11Z,2026-02-13T07:46:13Z,70.3,72.199,1.899,etna,NA,flag - etna
2026-HC-2PPSTREAM-A-B__2026-02-13_07-45-01,2026-02-13T07:45:01Z,120.067,TW,2PP,4,Leif,manipulate with hand(s),food processing - non-tool use,unknown,hand,NA,NA,NA,STATE,2026-02-13T07:46:26Z,2026-02-13T07:46:28Z,85.7,87.933,2.233,limited visibility,NA,flag - limited visibility
2026-HC-2PPSTREAM-A-B__2026-02-13_07-47-04,2026-02-13T07:47:04Z,120.1,TW,2PP,4,Leif,handling HC,food handling,NA,unknown,unknown,NA,NA,STATE,2026-02-13T07:47:04Z,2026-02-13T07:47:45Z,0.033,41.4,41.367,stna,NA,flag - stna
2026-HC-2PPSTREAM-A-B__2026-02-13_07-47-04,2026-02-13T07:47:04Z,120.1,TW,2PP,4,Leif,point of interest/general comment,user notes,other - comment,NA,NA,NA,NA,POINT,2026-02-13T07:47:11Z,2026-02-13T07:47:11Z,7.533,7.533,NA,limited visibility,NA,flag - limited visibility
2026-HC-2PPSTREAM-A-B__2026-02-13_07-47-04,2026-02-13T07:47:04Z,120.1,TW,2PP,4,Leif,manipulate with hand(s),food processing - non-tool use,"pull with hand,other - comment",hand,NA,NA,NA,STATE,2026-02-13T07:47:19Z,2026-02-13T07:47:27Z,15.567,23.467,7.9,limited visibility,NA,flag - limited visibility
2026-HC-2PPSTREAM-A-B__2026-02-13_07-47-04,2026-02-13T07:47:04Z,120.1,TW,2PP,4,Leif,handling HC,food handling,NA,bucket 1,not broken,NA,NA,STATE,2026-02-13T07:48:25Z,2026-02-13T07:49:04Z,81.9,120.1,38.2,etna,NA,flag - etna
2026-HC-2PPSTREAM-A-B__2026-02-13_07-49-28,2026-02-13T07:49:28Z,141.1,TW,2PP,4,Leif,batch processing,food handling,3HC,0HC,0HC,NA,bucket 1,STATE,2026-02-13T07:50:56Z,2026-02-13T07:51:05Z,88.8,97.332,8.532,etna,NA,flag - etna
2026-HC-2PPSTREAM-A-B__2026-02-13_07-49-28,2026-02-13T07:49:28Z,141.1,TW,2PP,4,Leif,2HC in batch processing,food handling,bucket 1,NA,NA,NA,NA,STATE,2026-02-13T07:50:58Z,2026-02-13T07:51:05Z,90.5,97.332,6.832,etna,NA,flag - etna
2026-HC-2PPSTREAM-A-B__2026-02-13_07-49-28,2026-02-13T07:49:28Z,141.1,TW,2PP,4,Leif,3HC in batch processing,food handling,bucket 2,NA,NA,NA,NA,STATE,2026-02-13T07:51:02Z,2026-02-13T07:51:05Z,94.433,97.332,2.899,etna,NA,flag - etna
2026-HC-2PPSTREAM-A-B__2026-02-14_08-09-05,2026-02-14T08:09:05Z,120.067,TW,2PP,4,Leif,batch processing,food handling,3HC,2HC,unknown,"manipulate with hands,hit/pound on surface",bucket 1,STATE,2026-02-14T08:09:17Z,2026-02-14T08:11:05Z,12.133,120.067,107.934,etna,limited visibility,flag - limited visibility
2026-HC-2PPSTREAM-A-B__2026-02-14_08-09-05,2026-02-14T08:09:05Z,120.067,TW,2PP,4,Leif,2HC in batch processing,food handling,bucket 1,NA,NA,NA,NA,STATE,2026-02-14T08:09:18Z,2026-02-14T08:11:05Z,13.933,120.067,106.134,etna,limited visibility,flag - limited visibility
2026-HC-2PPSTREAM-A-B__2026-02-14_08-09-05,2026-02-14T08:09:05Z,120.067,TW,2PP,4,Leif,3HC in batch processing,food handling,bucket 1,NA,NA,NA,NA,STATE,2026-02-14T08:09:22Z,2026-02-14T08:11:05Z,17.433,120.067,102.634,etna,limited visibility,flag - limited visibility
2026-HC-2PPSTREAM-A-B__2026-02-14_08-11-30,2026-02-14T08:11:30Z,120.3,TW,2PP,4,Leif,batch processing,food handling,4HC,2HC,unknown,manipulate with hands,bucket 1,STATE,2026-02-14T08:11:37Z,2026-02-14T08:13:29Z,7,119.933,112.933,etna,limited visibility,flag - limited visibility
2026-HC-2PPSTREAM-A-B__2026-02-14_08-11-30,2026-02-14T08:11:30Z,120.3,TW,2PP,4,Leif,2HC in batch processing,food handling,bucket 2,NA,NA,NA,NA,STATE,2026-02-14T08:11:45Z,2026-02-14T08:13:29Z,15.967,119.933,103.966,etna,limited visibility,flag - limited visibility
2026-HC-2PPSTREAM-A-B__2026-02-14_08-13-33,2026-02-14T08:13:33Z,120.3,TW,2PP,4,Leif,batch processing,food handling,4HC,2HC,unknown,"manipulate with hands,hit/pound on surface",bucket 2,STATE,2026-02-14T08:13:39Z,2026-02-14T08:15:19Z,6.2,106.933,100.733,etna,limited visibility,flag - limited visibility
2026-HC-2PPSTREAM-A-B__2026-02-14_08-13-33,2026-02-14T08:13:33Z,120.3,TW,2PP,4,Leif,2HC in batch processing,food handling,bucket 2,NA,NA,NA,NA,STATE,2026-02-14T08:13:40Z,2026-02-14T08:15:19Z,7.533,106.933,99.4,etna,limited visibility,flag - limited visibility
2026-HC-2PPSTREAM-A-B__2026-02-14_08-13-33,2026-02-14T08:13:33Z,120.3,TW,2PP,4,Leif,3HC in batch processing,food handling,bucket 2,NA,NA,NA,NA,STATE,2026-02-14T08:13:42Z,2026-02-14T08:15:19Z,9.1,106.933,97.833,etna,limited visibility,flag - limited visibility
2026-HC-2PPSTREAM-A-B__2026-02-14_08-13-33,2026-02-14T08:13:33Z,120.3,TW,2PP,4,Leif,4HC in batch processing,food handling,bucket 2,NA,NA,NA,NA,STATE,2026-02-14T08:13:45Z,2026-02-14T08:15:19Z,12.833,106.933,94.1,etna,limited visibility,flag - limited visibility
2026-HC-2PPSTREAM-A-B__2026-02-14_08-13-33,2026-02-14T08:13:33Z,120.3,TW,2PP,4,juvenile #1,handling HC,food handling,NA,bucket 1,not broken,NA,NA,STATE,2026-02-14T08:14:19Z,2026-02-14T08:14:23Z,46.1,50.132,4.032,etna,NA,flag - etna
2026-HC-2PPSTREAM-A-B__2026-02-18_12-54-48,2026-02-18T12:54:48Z,127.067,TW,2PP,4,Bullseye,bucket rummaging,information gain,bucket 2,NA,NA,NA,NA,STATE,2026-02-18T12:54:48Z,2026-02-18T12:54:50Z,0,2.1,2.1,stna,NA,flag - stna
2026-HC-COCO-A-B__2026-02-09_15-50-29,2026-02-09T15:50:29Z,235.967,TW,COCO,5,juvenile #1,handling HC,food handling,NA,bucket 2,not broken,NA,NA,STATE,2026-02-09T15:52:49Z,2026-02-09T15:53:00Z,140.967,151.332,10.365,etna,NA,flag - etna
2026-HC-COCO-A-B__2026-02-09_15-50-29,2026-02-09T15:50:29Z,235.967,TW,COCO,5,juvenile #2,handling HC,food handling,NA,bucket 2,not broken,NA,NA,STATE,2026-02-09T15:53:07Z,2026-02-09T15:53:10Z,158.9,161.666,2.766,etna,NA,flag - etna
2026-HC-COCO-A-B__2026-02-09_16-12-04,2026-02-09T16:12:04Z,133.933,TW,COCO,5,juvenile #1,handling HC,food handling,NA,bucket 2,not broken,NA,NA,STATE,2026-02-09T16:13:48Z,2026-02-09T16:13:55Z,104.633,111.899,7.266,etna,NA,flag - etna
2026-HC-COCO-A-B__2026-02-09_16-32-17,2026-02-09T16:32:17Z,128.867,TW,COCO,5,juvenile #1,bite and pull with teeth,food processing - non-tool use,NA,NA,NA,NA,NA,STATE,2026-02-09T16:32:51Z,2026-02-09T16:32:52Z,34.333,35.533,1.2,limited visibility,limited visibility,flag - limited visibility
2026-HC-COCO-A-B__2026-02-09_17-03-55,2026-02-09T17:03:55Z,120.633,TW,COCO,5,Tony,handling HC,food handling,NA,bucket 2,not broken,NA,NA,STATE,2026-02-09T17:04:56Z,2026-02-09T17:04:59Z,61.1,64.099,2.999,etna,NA,flag - etna
2026-HC-COCO-A-B__2026-02-09_17-03-55,2026-02-09T17:03:55Z,120.633,TW,COCO,5,Louie,handling HC,food handling,NA,bucket 2,not broken,NA,NA,STATE,2026-02-09T17:04:57Z,2026-02-09T17:05:26Z,62.833,91.666,28.833,etna,NA,flag - etna
2026-HC-COCO-A-B__2026-02-09_17-03-55,2026-02-09T17:03:55Z,120.633,TW,COCO,5,Harry,bucket rummaging,information gain,bucket 2,NA,NA,NA,NA,STATE,2026-02-09T17:05:49Z,2026-02-09T17:05:55Z,114.9,120.633,5.733,etna,NA,flag - etna
2026-HC-COCO-A-B__2026-02-09_17-06-02,2026-02-09T17:06:02Z,126.5,TW,COCO,5,Harry,handling HC,food handling,NA,unknown,unknown,NA,NA,STATE,2026-02-09T17:06:02Z,2026-02-09T17:06:21Z,0,19.333,19.333,stna,NA,flag - stna
2026-HC-COCO-A-B__2026-02-12_14-09-07,2026-02-12T14:09:07Z,126.267,TW,COCO,6,Louie,handling HC,food handling,NA,bucket 2,not broken,NA,NA,STATE,2026-02-12T14:10:16Z,2026-02-12T14:10:22Z,69.367,75.666,6.299,etna,NA,flag - etna
2026-HC-COCO-A-B__2026-02-12_14-09-07,2026-02-12T14:09:07Z,126.267,TW,COCO,6,Louie,manipulate with hand(s),food processing - non-tool use,pull with hand,hand,NA,NA,NA,STATE,2026-02-12T14:10:17Z,2026-02-12T14:10:18Z,70.033,71.667,1.634,limited visibility,NA,flag - limited visibility
2026-HC-COCO-A-B__2026-02-12_14-09-07,2026-02-12T14:09:07Z,126.267,TW,COCO,6,subadult male #1,handling HC,food handling,NA,bucket 2,not broken,NA,NA,STATE,2026-02-12T14:10:19Z,2026-02-12T14:10:44Z,72.833,97.099,24.266,etna,NA,flag - etna
2026-HC-COCO-A-B__2026-02-12_14-09-07,2026-02-12T14:09:07Z,126.267,TW,COCO,6,juvenile #1,handling HC,food handling,NA,bucket 2,not broken,NA,NA,STATE,2026-02-12T14:10:32Z,2026-02-12T14:10:37Z,85.667,90.832,5.165,etna,NA,flag - etna
2026-HC-COCO-A-B__2026-02-12_14-09-07,2026-02-12T14:09:07Z,126.267,TW,COCO,6,juvenile #2,handling HC,food handling,NA,ground,unknown,NA,NA,STATE,2026-02-12T14:11:00Z,2026-02-12T14:11:04Z,113.267,117.966,4.699,etna,NA,flag - etna
2026-HC-COCO-A-B__2026-02-12_14-09-07,2026-02-12T14:09:07Z,126.267,TW,COCO,6,Guy,handling HC,food handling,NA,ground,unknown,NA,NA,STATE,2026-02-12T14:11:07Z,2026-02-12T14:11:13Z,120.533,126.266,5.733,etna,NA,flag - etna
2026-HC-COCO-A-B__2026-02-16_07-01-25,2026-02-16T07:01:25Z,129.867,TW,COCO,7,juvenile #1,handling HC,food handling,NA,bucket 2,not broken,NA,NA,STATE,2026-02-16T07:03:08Z,2026-02-16T07:03:19Z,103.967,114.766,10.799,etna,NA,flag - etna
2026-HC-COCO-A-B__2026-02-16_07-07-07,2026-02-16T07:07:07Z,134.133,TW,COCO,7,Melvin,handling HC,food handling,NA,bucket 2,not broken,NA,NA,STATE,2026-02-16T07:09:08Z,2026-02-16T07:09:14Z,121.133,127.732,6.599,etna,NA,flag - etna
2026-HC-COCO-A-B__2026-02-18_16-27-40,2026-02-18T16:27:40Z,134.433,TW,COCO,7,juvenile #1,handling HC,food handling,NA,bucket 2,not broken,NA,NA,STATE,2026-02-18T16:28:48Z,2026-02-18T16:29:54Z,68.367,134.433,66.066,etna,NA,flag - etna
2026-HC-COCO-A-B__2026-02-18_16-27-40,2026-02-18T16:27:40Z,134.433,TW,COCO,7,juvenile #1,smells held HC,information gain,1HC,NA,NA,NA,NA,STATE,2026-02-18T16:29:07Z,2026-02-18T16:29:09Z,87.933,89.367,1.434,limited visibility,NA,flag - limited visibility
2026-HC-COCO-A-B__2026-02-18_16-27-40,2026-02-18T16:27:40Z,134.433,TW,COCO,7,juvenile #1,manipulate with hand(s),food processing - non-tool use,pull with hand,hand,NA,NA,NA,STATE,2026-02-18T16:29:42Z,2026-02-18T16:29:51Z,122.133,131.967,9.834,limited visibility,NA,flag - limited visibility
2026-HC-COCO-A-B__2026-02-18_16-52-12,2026-02-18T16:52:12Z,128.4,TW,COCO,7,Pippi,smells held HC,information gain,1HC,NA,NA,NA,NA,STATE,2026-02-18T16:52:31Z,2026-02-18T16:52:32Z,19.667,20.3,0.633,limited visibility,NA,flag - limited visibility
2026-HC-COCO-A-B__2026-02-18_16-52-12,2026-02-18T16:52:12Z,128.4,TW,COCO,7,John,handling HC,food handling,NA,bucket 2,not broken,NA,NA,STATE,2026-02-18T16:53:38Z,2026-02-18T16:53:39Z,86.167,87.867,1.7,etna,NA,flag - etna
2026-HC-COCO-A-B__2026-02-18_16-55-19,2026-02-18T16:55:19Z,130.033,TW,COCO,7,juvenile #1,handling HC,food handling,NA,ground,unknown,NA,NA,STATE,2026-02-18T16:55:35Z,2026-02-18T16:55:43Z,16.967,24.332,7.365,etna,NA,flag - etna
2026-HC-COCO-A-B__2026-02-18_16-55-19,2026-02-18T16:55:19Z,130.033,TW,COCO,7,juvenile #2,handling HC,food handling,NA,bucket 2,not broken,NA,NA,STATE,2026-02-18T16:55:50Z,2026-02-18T16:55:56Z,31.033,37.566,6.533,etna,NA,flag - etna
2026-HC-COCO-A-B__2026-02-18_16-55-19,2026-02-18T16:55:19Z,130.033,TW,COCO,7,juvenile #3,handling HC,food handling,NA,bucket 2,not broken,NA,NA,STATE,2026-02-18T16:56:13Z,2026-02-18T16:56:57Z,54.667,98.732,44.065,etna,NA,flag - etna
2026-HC-COCO-A-B__2026-02-18_16-55-19,2026-02-18T16:55:19Z,130.033,TW,COCO,7,non-adult #1,handling HC,food handling,NA,ground,unknown,NA,NA,STATE,2026-02-18T16:56:38Z,2026-02-18T16:57:29Z,79.1,130.033,50.933,etna,NA,flag - etna
2026-HC-COCO-A-B__2026-02-18_16-57-22,2026-02-18T16:57:22Z,131.133,TW,COCO,7,non-adult #1,handling HC,food handling,NA,ground,previously processed,same/focal capuchin,ground,STATE,2026-02-18T16:57:22Z,2026-02-18T16:59:33Z,0,131.133,131.133,etna,NA,flag - previously processed
2026-HC-COCO-A-B__2026-02-18_16-57-22,2026-02-18T16:57:22Z,131.133,TW,COCO,7,juvenile #2,handling HC,food handling,NA,bucket 2,not broken,NA,NA,STATE,2026-02-18T16:59:15Z,2026-02-18T16:59:33Z,113.633,131.133,17.5,etna,NA,flag - etna
2026-HC-COCO-A-B__2026-02-18_16-57-22,2026-02-18T16:57:22Z,131.133,TW,COCO,7,juvenile #3,handling HC,food handling,NA,bucket 2,not broken,NA,NA,STATE,2026-02-18T16:59:30Z,2026-02-18T16:59:33Z,128.5,131.133,2.633,etna,NA,flag - etna
