observation_id,observation_date,media_duration_s,coder_id_initials,arena_site,deployement_period,anon_subject,video_unique_subject,subject,age_sex,sequence_id,event_real_time_start,event_real_time_stop,seq_duration_s,bucket_inspect_duration_s,smells_hc_duration_s,man_hands_duration_s,bite_shell_duration_s,bite_pull_duration_s,roll_scrub_duration_s,hit_surface_duration_s,pound_stone_duration_s,total_process_duration_s,occurence_eat,success,comments,flags
2026-HC-2PPSTREAM-A-B__2026-01-21_16-35-53,2026-01-21T16:35:53Z,120.5,TW,2PP,1,2,Winston,Winston,adult male,HT1,2026-01-21T16:37:49Z,2026-01-21T16:37:53Z,3.7,NA,NA,NA,NA,NA,NA,NA,NA,0,0,0,etna,flag - etna
2026-HC-2PPSTREAM-A-B__2026-01-21_16-38-07,2026-01-21T16:38:07Z,120.5,TW,2PP,1,4,Winston,Winston,adult male,HT2,2026-01-21T16:38:11Z,2026-01-21T16:38:14Z,2.366,NA,NA,0.5,NA,NA,NA,NA,NA,0.5,0,0,NA,NA
2026-HC-2PPSTREAM-A-B__2026-01-21_16-38-07,2026-01-21T16:38:07Z,120.5,TW,2PP,1,4,Winston,Winston,adult male,HT3,2026-01-21T16:38:15Z,2026-01-21T16:38:20Z,4.766,NA,NA,4.166,NA,NA,NA,NA,NA,4.166,0,0,NA,NA
2026-HC-2PPSTREAM-A-B__2026-01-21_16-38-07,2026-01-21T16:38:07Z,120.5,TW,2PP,1,4,Winston,Winston,adult male,HT4,2026-01-21T16:38:41Z,2026-01-21T16:38:43Z,2.867,NA,NA,NA,NA,NA,NA,NA,NA,0,0,0,NA,NA
2026-HC-2PPSTREAM-A-B__2026-01-21_16-38-07,2026-01-21T16:38:07Z,120.5,TW,2PP,1,4,Winston,Winston,adult male,HT5,2026-01-21T16:38:53Z,2026-01-21T16:38:55Z,2.232,NA,NA,1.799,NA,NA,NA,NA,NA,1.799,0,0,etna; etna,flag - etna; flag - etna
2026-HC-2PPSTREAM-A-B__2026-01-21_16-40-12,2026-01-21T16:40:12Z,120.767,TW,2PP,1,6,Winston,Winston,adult male,HT6,2026-01-21T16:41:04Z,2026-01-21T16:41:05Z,0.567,NA,NA,NA,NA,NA,NA,NA,NA,0,0,0,NA,NA
2026-HC-2PPSTREAM-A-B__2026-01-21_16-44-51,2026-01-21T16:44:51Z,120.533,TW,2PP,1,7,Winston,Winston,adult male,HT7,2026-01-21T16:44:51Z,2026-01-21T16:44:52Z,1.133,NA,NA,NA,NA,NA,NA,NA,NA,0,0,0,cams not synced; camA is main,NA
2026-HC-2PPSTREAM-A-B__2026-01-21_16-44-51,2026-01-21T16:44:51Z,120.533,TW,2PP,1,7,Winston,Winston,adult male,HT8,2026-01-21T16:44:53Z,2026-01-21T16:44:54Z,0.967,NA,NA,NA,NA,NA,NA,NA,NA,0,0,0,NA,NA
2026-HC-2PPSTREAM-A-B__2026-01-21_16-44-51,2026-01-21T16:44:51Z,120.533,TW,2PP,1,7,Winston,Winston,adult male,HT9,2026-01-21T16:44:54Z,2026-01-21T16:44:55Z,1.2,NA,NA,NA,NA,NA,NA,NA,NA,0,0,0,NA,NA
2026-HC-2PPSTREAM-A-B__2026-01-21_16-47-28,2026-01-21T16:47:28Z,121.6,TW,2PP,1,8,Billy,Billy,adult male,HT10,2026-01-21T16:47:39Z,2026-01-21T16:48:02Z,22.967,NA,NA,5.999,NA,NA,NA,NA,NA,5.999,7,1,adjust grip,NA
2026-HC-2PPSTREAM-A-B__2026-01-21_16-51-07,2026-01-21T16:51:07Z,128.6,TW,2PP,1,9,Billy,Billy,adult male,HT11,2026-01-21T16:51:16Z,2026-01-21T16:51:21Z,5.233,NA,NA,3.866,NA,NA,NA,NA,NA,3.866,1,1,NA,NA
2026-HC-2PPSTREAM-A-B__2026-01-21_16-56-14,2026-01-21T16:56:14Z,128.433,TW,2PP,1,10,Billy,Billy,adult male,HT12,2026-01-21T16:56:24Z,2026-01-21T16:56:25Z,0.9,NA,NA,NA,NA,NA,NA,NA,NA,0,0,0,NA,NA
2026-HC-2PPSTREAM-A-B__2026-01-23_12-33-12,2026-01-23T12:33:12Z,128.8,TW,2PP,1,16,McQueen,McQueen,adult male,HT13,2026-01-23T12:33:21Z,2026-01-23T12:33:24Z,3,NA,NA,1.567,NA,NA,NA,NA,NA,1.567,0,0,NA,NA
2026-HC-2PPSTREAM-A-B__2026-01-29_11-58-28,2026-01-29T11:58:28Z,123.633,TW,2PP,2,25,AF 4,NA,adult female,HT14,2026-01-29T11:58:37Z,2026-01-29T11:58:42Z,5.534,NA,NA,2.967,NA,NA,NA,NA,NA,2.967,0,0,NA,NA
2026-HC-2PPSTREAM-A-B__2026-01-29_11-58-28,2026-01-29T11:58:28Z,123.633,TW,2PP,2,25,AF 4,NA,adult female,HT15,2026-01-29T11:59:02Z,2026-01-29T11:59:03Z,1.366,NA,NA,NA,NA,NA,NA,NA,NA,0,0,0,NA,NA
2026-HC-2PPSTREAM-A-B__2026-01-29_11-58-28,2026-01-29T11:58:28Z,123.633,TW,2PP,2,25,AF 4,NA,adult female,HT16,2026-01-29T11:59:20Z,2026-01-29T11:59:30Z,10.567,NA,NA,7.665,NA,NA,NA,NA,NA,7.665,0,0,NA,NA
2026-HC-2PPSTREAM-A-B__2026-01-29_11-58-28,2026-01-29T11:58:28Z,123.633,TW,2PP,2,25,AF 4,NA,adult female,HT17,2026-01-29T11:59:50Z,2026-01-29T11:59:52Z,1.167,NA,NA,NA,NA,NA,NA,NA,NA,0,0,0,NA,NA
2026-HC-2PPSTREAM-A-B__2026-01-29_13-17-36,2026-01-29T13:17:36Z,128.033,TW,2PP,2,26,Bullseye,Bullseye,subadult male,HT18,2026-01-29T13:17:47Z,2026-01-29T13:18:29Z,41.6,NA,NA,16.1,NA,NA,NA,NA,NA,16.1,5,1,NA,NA
2026-HC-2PPSTREAM-A-B__2026-01-29_13-17-36,2026-01-29T13:17:36Z,128.033,TW,2PP,2,26,Bullseye,Bullseye,subadult male,HT19,2026-01-29T13:18:36Z,2026-01-29T13:18:39Z,2.467,NA,NA,1.667,NA,NA,NA,NA,NA,1.667,0,0,NA,NA
2026-HC-2PPSTREAM-A-B__2026-01-29_13-17-36,2026-01-29T13:17:36Z,128.033,TW,2PP,2,26,Bullseye,Bullseye,subadult male,HT20,2026-01-29T13:18:41Z,2026-01-29T13:19:18Z,37.3,NA,NA,13.8,NA,NA,NA,NA,NA,13.8,5,1,twist with hands,NA
2026-HC-2PPSTREAM-A-B__2026-01-29_13-17-36,2026-01-29T13:17:36Z,128.033,TW,2PP,2,26,Bullseye,Bullseye,subadult male,HT21,2026-01-29T13:19:19Z,2026-01-29T13:19:20Z,1.267,NA,NA,NA,NA,NA,NA,NA,NA,0,0,0,NA,NA
2026-HC-2PPSTREAM-A-B__2026-01-29_13-17-36,2026-01-29T13:17:36Z,128.033,TW,2PP,2,26,Bullseye,Bullseye,subadult male,HT22,2026-01-29T13:19:21Z,2026-01-29T13:19:22Z,0.733,NA,NA,NA,NA,NA,NA,NA,NA,0,0,0,NA,NA
2026-HC-2PPSTREAM-A-B__2026-01-29_13-17-36,2026-01-29T13:17:36Z,128.033,TW,2PP,2,26,Bullseye,Bullseye,subadult male,HT23,2026-01-29T13:19:23Z,2026-01-29T13:19:38Z,14.167,NA,NA,4.4,NA,NA,NA,NA,NA,4.4,3,1,NA,NA
2026-HC-2PPSTREAM-A-B__2026-01-29_13-17-36,2026-01-29T13:17:36Z,128.033,TW,2PP,2,26,Bullseye,Bullseye,subadult male,HT24,2026-01-29T13:19:41Z,2026-01-29T13:19:44Z,2.133,NA,NA,NA,NA,NA,NA,NA,NA,0,0,0,etna,flag - etna
2026-HC-2PPSTREAM-A-B__2026-01-29_13-20-17,2026-01-29T13:20:17Z,120.2,TW,2PP,2,27,Bullseye,Bullseye,subadult male,HT25,2026-01-29T13:20:18Z,2026-01-29T13:20:21Z,3.266,NA,NA,2.166,1,NA,NA,NA,NA,3.166,0,0,NA,NA
2026-HC-2PPSTREAM-A-B__2026-01-29_13-20-17,2026-01-29T13:20:17Z,120.2,TW,2PP,2,27,Bullseye,Bullseye,subadult male,HT26,2026-01-29T13:20:29Z,2026-01-29T13:20:37Z,7.967,NA,NA,5.133,1,NA,NA,NA,NA,6.133,0,0,NA,NA
2026-HC-2PPSTREAM-A-B__2026-01-29_13-20-17,2026-01-29T13:20:17Z,120.2,TW,2PP,2,27,Bullseye,Bullseye,subadult male,HT27,2026-01-29T13:20:40Z,2026-01-29T13:20:45Z,5.167,NA,NA,1.567,1,NA,NA,NA,NA,2.567,0,0,NA,NA
2026-HC-2PPSTREAM-A-B__2026-01-29_13-20-17,2026-01-29T13:20:17Z,120.2,TW,2PP,2,27,Bullseye,Bullseye,subadult male,HT28,2026-01-29T13:21:04Z,2026-01-29T13:21:14Z,10.066,NA,NA,1.1,NA,NA,NA,NA,NA,1.1,0,0,NA,NA
2026-HC-2PPSTREAM-A-B__2026-01-29_13-20-17,2026-01-29T13:20:17Z,120.2,TW,2PP,2,27,Bullseye,Bullseye,subadult male,HT29,2026-01-29T13:21:18Z,2026-01-29T13:21:27Z,9.265,NA,NA,8.599,NA,NA,NA,NA,NA,8.599,0,0,etna; etna,flag - etna; flag - etna
2026-HC-2PPSTREAM-A-B__2026-01-29_13-20-17,2026-01-29T13:20:17Z,120.2,TW,2PP,2,28,Richard,Richard,adult male,HT30,2026-01-29T13:21:23Z,2026-01-29T13:21:28Z,5.466,NA,NA,2.367,NA,NA,NA,NA,NA,2.367,0,0,NA,NA
2026-HC-2PPSTREAM-A-B__2026-01-29_13-20-17,2026-01-29T13:20:17Z,120.2,TW,2PP,2,28,Richard,Richard,adult male,HT31,2026-01-29T13:21:30Z,2026-01-29T13:21:32Z,2.333,NA,NA,NA,NA,0.833,NA,NA,NA,0.833,1,1,NA,NA
2026-HC-2PPSTREAM-A-B__2026-01-29_13-20-17,2026-01-29T13:20:17Z,120.2,TW,2PP,2,27,Bullseye,Bullseye,subadult male,HT32,2026-01-29T13:21:37Z,2026-01-29T13:21:56Z,18.4,NA,NA,6.4,NA,NA,NA,NA,NA,6.4,6,1,stna; stna,flag - stna; flag - stna
2026-HC-2PPSTREAM-A-B__2026-01-29_13-20-17,2026-01-29T13:20:17Z,120.2,TW,2PP,2,27,Bullseye,Bullseye,subadult male,HT33,2026-01-29T13:21:57Z,2026-01-29T13:22:02Z,5.1,NA,NA,2.833,NA,NA,NA,NA,NA,2.833,0,0,NA,NA
2026-HC-2PPSTREAM-A-B__2026-01-29_13-20-17,2026-01-29T13:20:17Z,120.2,TW,2PP,2,27,Bullseye,Bullseye,subadult male,HT34,2026-01-29T13:22:06Z,2026-01-29T13:22:08Z,2.6,NA,NA,1.833,NA,NA,NA,NA,NA,1.833,0,0,NA,NA
2026-HC-2PPSTREAM-A-B__2026-01-29_13-20-17,2026-01-29T13:20:17Z,120.2,TW,2PP,2,27,Bullseye,Bullseye,subadult male,HT35,2026-01-29T13:22:10Z,2026-01-29T13:22:11Z,1.034,NA,NA,NA,NA,NA,NA,NA,NA,0,0,0,NA,NA
2026-HC-2PPSTREAM-A-B__2026-01-29_13-22-24,2026-01-29T13:22:24Z,120.9,TW,2PP,2,29,Bullseye,Bullseye,subadult male,HT36,2026-01-29T13:22:24Z,2026-01-29T13:22:47Z,23.033,NA,NA,16.234,NA,0.433,NA,NA,NA,16.667,1,1,stna; hands and foot,flag - stna
2026-HC-2PPSTREAM-A-B__2026-01-29_13-22-24,2026-01-29T13:22:24Z,120.9,TW,2PP,2,29,Bullseye,Bullseye,subadult male,HT37,2026-01-29T13:22:47Z,2026-01-29T13:22:48Z,1.3,NA,NA,NA,NA,NA,NA,NA,NA,0,0,0,NA,NA
2026-HC-2PPSTREAM-A-B__2026-01-29_13-22-24,2026-01-29T13:22:24Z,120.9,TW,2PP,2,29,Bullseye,Bullseye,subadult male,HT38,2026-01-29T13:22:51Z,2026-01-29T13:22:53Z,2.233,NA,NA,NA,NA,NA,NA,NA,NA,0,0,0,NA,NA
2026-HC-2PPSTREAM-A-B__2026-01-29_13-22-24,2026-01-29T13:22:24Z,120.9,TW,2PP,2,29,Bullseye,Bullseye,subadult male,HT39,2026-01-29T13:22:54Z,2026-01-29T13:22:55Z,1.167,NA,NA,NA,NA,NA,NA,NA,NA,0,0,0,NA,NA
2026-HC-2PPSTREAM-A-B__2026-01-29_13-22-24,2026-01-29T13:22:24Z,120.9,TW,2PP,2,29,Bullseye,Bullseye,subadult male,HT40,2026-01-29T13:22:59Z,2026-01-29T13:23:05Z,6.033,NA,NA,NA,1,NA,NA,NA,NA,1,0,0,NA,NA
2026-HC-2PPSTREAM-A-B__2026-01-29_13-22-24,2026-01-29T13:22:24Z,120.9,TW,2PP,2,29,Bullseye,Bullseye,subadult male,HT41,2026-01-29T13:23:10Z,2026-01-29T13:23:14Z,3.967,NA,NA,0.934,NA,NA,NA,NA,NA,0.934,0,0,NA,NA
2026-HC-2PPSTREAM-A-B__2026-01-29_13-22-24,2026-01-29T13:22:24Z,120.9,TW,2PP,2,29,Bullseye,Bullseye,subadult male,HT42,2026-01-29T13:23:37Z,2026-01-29T13:23:43Z,5.833,NA,NA,5.167,NA,NA,NA,NA,NA,5.167,0,0,NA,NA
2026-HC-2PPSTREAM-A-B__2026-01-29_13-22-24,2026-01-29T13:22:24Z,120.9,TW,2PP,2,30,Richard,Richard,adult male,HT43,2026-01-29T13:23:38Z,2026-01-29T13:23:45Z,7.4,NA,NA,1.999,NA,0.6,NA,NA,NA,2.599,2,1,NA,NA
2026-HC-2PPSTREAM-A-B__2026-01-29_13-22-24,2026-01-29T13:22:24Z,120.9,TW,2PP,2,29,Bullseye,Bullseye,subadult male,HT44,2026-01-29T13:23:44Z,2026-01-29T13:24:24Z,40.867,NA,NA,19.333,NA,NA,NA,7.566999999999993,NA,26.89999999999999,0,0,etna; limited visibility; hands and foot; hands and foot; etna,flag - etna; flag - limited visibility; flag - etna
2026-HC-2PPSTREAM-A-B__2026-01-29_13-22-24,2026-01-29T13:22:24Z,120.9,TW,2PP,2,30,Richard,Richard,adult male,HT45,2026-01-29T13:23:54Z,2026-01-29T13:23:59Z,4.666,NA,NA,NA,NA,NA,NA,NA,NA,0,3,1,NA,NA
2026-HC-2PPSTREAM-A-B__2026-01-29_13-22-24,2026-01-29T13:22:24Z,120.9,TW,2PP,2,30,Richard,Richard,adult male,HT46,2026-01-29T13:24:08Z,2026-01-29T13:24:12Z,4.066,NA,NA,1.4,NA,NA,NA,NA,NA,1.4,1,1,NA,NA
2026-HC-2PPSTREAM-A-B__2026-01-29_13-22-24,2026-01-29T13:22:24Z,120.9,TW,2PP,2,30,Richard,Richard,adult male,HT47,2026-01-29T13:24:12Z,2026-01-29T13:24:24Z,12.067,NA,NA,10.165,NA,NA,NA,NA,NA,10.165,2,1,"etna; succeeded at pulling out crab body, then dropped it without eating; licks finger; licks finger",flag - etna
2026-HC-2PPSTREAM-A-B__2026-01-29_13-24-38,2026-01-29T13:24:38Z,129.1,TW,2PP,2,33,Richard,Richard,adult male,HT48,2026-01-29T13:24:38Z,2026-01-29T13:24:45Z,7.733,NA,NA,6.6659999999999995,NA,NA,NA,NA,NA,6.6659999999999995,2,1,stna; licks finger; licks,flag - stna
2026-HC-2PPSTREAM-A-B__2026-01-29_13-24-38,2026-01-29T13:24:38Z,129.1,TW,2PP,2,33,Richard,Richard,adult male,HT49,2026-01-29T13:24:46Z,2026-01-29T13:24:48Z,2.466,NA,NA,NA,NA,NA,NA,NA,NA,0,0,0,NA,NA
2026-HC-2PPSTREAM-A-B__2026-01-29_13-24-38,2026-01-29T13:24:38Z,129.1,TW,2PP,2,33,Richard,Richard,adult male,HT50,2026-01-29T13:24:48Z,2026-01-29T13:24:55Z,7.067,NA,NA,3.466,NA,0.534,NA,NA,NA,4,1,1,NA,NA
2026-HC-2PPSTREAM-A-B__2026-01-29_13-24-38,2026-01-29T13:24:38Z,129.1,TW,2PP,2,33,Richard,Richard,adult male,HT51,2026-01-29T13:24:56Z,2026-01-29T13:24:58Z,2.667,2.033,NA,NA,NA,NA,NA,NA,NA,0,0,0,NA,NA
2026-HC-2PPSTREAM-A-B__2026-01-29_13-24-38,2026-01-29T13:24:38Z,129.1,TW,2PP,2,33,Richard,Richard,adult male,HT52,2026-01-29T13:24:59Z,2026-01-29T13:25:09Z,10.032,2.033,NA,NA,NA,NA,NA,NA,NA,0,0,0,etna,flag - etna
2026-HC-2PPSTREAM-A-B__2026-01-29_13-24-38,2026-01-29T13:24:38Z,129.1,TW,2PP,2,31,Bullseye,Bullseye,subadult male,HT53,2026-01-29T13:25:11Z,2026-01-29T13:25:13Z,1.9,NA,NA,NA,NA,NA,NA,NA,NA,0,0,0,NA,NA
2026-HC-2PPSTREAM-A-B__2026-01-29_13-24-38,2026-01-29T13:24:38Z,129.1,TW,2PP,2,31,Bullseye,Bullseye,subadult male,HT54,2026-01-29T13:25:13Z,2026-01-29T13:25:20Z,7.099,NA,NA,1.8,NA,NA,NA,NA,NA,1.8,0,0,etna,flag - etna
2026-HC-2PPSTREAM-A-B__2026-01-29_13-24-38,2026-01-29T13:24:38Z,129.1,TW,2PP,2,32,Martha,Martha,adult female,HT55,2026-01-29T13:25:37Z,2026-01-29T13:26:35Z,57.399,NA,NA,7.433,NA,NA,NA,27.319535469107564,NA,34.75253546910756,0,0,etna; HC flies; limited visibility; limited visibility; limited visibility; limited visibility; limited visibility; limited visibility; limited visibility; limited visibility; limited visibility; limited visibility; limited visibility; limited visibility; limited visibility; limited visibility; limited visibility; limited visibility,flag - etna; flag - limited visibility; flag - limited visibility; flag - limited visibility; flag - limited visibility; flag - limited visibility; flag - limited visibility; flag - limited visibility; flag - limited visibility; flag - limited visibility; flag - limited visibility; flag - limited visibility; flag - limited visibility; flag - limited visibility; flag - limited visibility; flag - limited visibility; flag - limited visibility
2026-HC-2PPSTREAM-A-B__2026-01-29_13-24-38,2026-01-29T13:24:38Z,129.1,TW,2PP,2,34,AM 5,NA,adult male,HT56,2026-01-29T13:26:38Z,2026-01-29T13:26:43Z,4.6,NA,NA,1.434,NA,NA,NA,NA,NA,1.434,2,1,Richard,NA
2026-HC-2PPSTREAM-A-B__2026-01-29_13-24-38,2026-01-29T13:24:38Z,129.1,TW,2PP,2,34,AM 5,NA,adult male,HT57,2026-01-29T13:26:44Z,2026-01-29T13:26:47Z,2.3,NA,NA,1.733,NA,NA,NA,NA,NA,1.733,0,0,etna; etna,flag - etna; flag - etna
2026-HC-2PPSTREAM-A-B__2026-01-29_13-44-53,2026-01-29T13:44:53Z,130.1,TW,2PP,2,37,JUV 6,NA,juvenile,HT58,2026-01-29T13:45:21Z,2026-01-29T13:45:25Z,3.6,NA,NA,NA,NA,NA,NA,NA,NA,0,0,0,NA,NA
2026-HC-2PPSTREAM-A-B__2026-01-29_13-44-53,2026-01-29T13:44:53Z,130.1,TW,2PP,2,35,Leif,Leif,subadult male,HT59,2026-01-29T13:45:39Z,2026-01-29T13:46:17Z,37.867,NA,NA,8.666,NA,NA,NA,9.299999999999997,NA,17.965999999999998,1,1,NA,NA
2026-HC-2PPSTREAM-A-B__2026-01-29_13-44-53,2026-01-29T13:44:53Z,130.1,TW,2PP,2,36,Robin,Robin,juvenile male,HT60,2026-01-29T13:46:19Z,2026-01-29T13:46:42Z,22.999,NA,NA,NA,NA,NA,NA,NA,7.333000000000013,7.333000000000013,0,0,etna; limited visibility; limited visibility,flag - etna; flag - limited visibility; flag - limited visibility
2026-HC-2PPSTREAM-A-B__2026-01-29_13-44-53,2026-01-29T13:44:53Z,130.1,TW,2PP,2,35,Leif,Leif,subadult male,HT61,2026-01-29T13:46:37Z,2026-01-29T13:46:38Z,0.934,NA,NA,NA,NA,NA,NA,NA,NA,0,0,0,NA,NA
2026-HC-2PPSTREAM-A-B__2026-01-29_13-44-53,2026-01-29T13:44:53Z,130.1,TW,2PP,2,35,Leif,Leif,subadult male,HT62,2026-01-29T13:46:46Z,2026-01-29T13:46:57Z,11.2,NA,0.7330000000000001,1,NA,NA,NA,NA,NA,1,2,1,NA,NA
2026-HC-2PPSTREAM-A-B__2026-01-29_13-44-53,2026-01-29T13:44:53Z,130.1,TW,2PP,2,35,Leif,Leif,subadult male,HT63,2026-01-29T13:47:02Z,2026-01-29T13:47:03Z,1.067,NA,NA,NA,NA,NA,NA,NA,NA,0,0,0,etna,flag - etna
2026-HC-2PPSTREAM-A-B__2026-01-29_13-47-15,2026-01-29T13:47:15Z,121.667,TW,2PP,2,39,Leif,Leif,subadult male,HT64,2026-01-29T13:47:16Z,2026-01-29T13:47:19Z,3.167,NA,NA,NA,NA,NA,NA,NA,NA,0,0,0,NA,NA
2026-HC-2PPSTREAM-A-B__2026-01-29_13-47-15,2026-01-29T13:47:15Z,121.667,TW,2PP,2,39,Leif,Leif,subadult male,HT65,2026-01-29T13:47:23Z,2026-01-29T13:47:51Z,27.766,NA,NA,5.934,NA,NA,NA,12.633,NA,18.567,1,1,limited visibility; limited visibility,flag - limited visibility; flag - limited visibility
2026-HC-2PPSTREAM-A-B__2026-01-29_13-47-15,2026-01-29T13:47:15Z,121.667,TW,2PP,2,39,Leif,Leif,subadult male,HT66,2026-01-29T13:48:14Z,2026-01-29T13:48:25Z,10.8,NA,NA,NA,NA,NA,NA,NA,NA,0,0,0,NA,NA
2026-HC-2PPSTREAM-A-B__2026-01-29_13-47-15,2026-01-29T13:47:15Z,121.667,TW,2PP,2,39,Leif,Leif,subadult male,HT67,2026-01-29T13:48:29Z,2026-01-29T13:48:38Z,9.133,NA,NA,NA,NA,NA,NA,NA,NA,0,0,0,etna,flag - etna
2026-HC-2PPSTREAM-A-B__2026-01-29_13-49-41,2026-01-29T13:49:41Z,129.567,TW,2PP,2,41,Robin,Robin,juvenile male,HT68,2026-01-29T13:49:56Z,2026-01-29T13:50:11Z,14.732,NA,NA,NA,NA,NA,NA,NA,NA,0,0,0,etna,flag - etna
2026-HC-2PPSTREAM-A-B__2026-01-29_13-49-41,2026-01-29T13:49:41Z,129.567,TW,2PP,2,40,Leif,Leif,subadult male,HT69,2026-01-29T13:50:31Z,2026-01-29T13:50:43Z,12.433,NA,NA,2.001,NA,NA,NA,4.700000000000003,NA,6.701000000000002,3,1,NA,NA
2026-HC-2PPSTREAM-A-B__2026-01-29_13-49-41,2026-01-29T13:49:41Z,129.567,TW,2PP,2,40,Leif,Leif,subadult male,HT70,2026-01-29T13:50:55Z,2026-01-29T13:51:20Z,25.733,NA,NA,1.7,NA,NA,NA,15.533000000000001,NA,17.233,2,1,NA,NA
2026-HC-2PPSTREAM-A-B__2026-01-29_13-49-41,2026-01-29T13:49:41Z,129.567,TW,2PP,2,40,Leif,Leif,subadult male,HT71,2026-01-29T13:51:32Z,2026-01-29T13:51:41Z,8.665,NA,NA,1.234,NA,NA,NA,NA,NA,1.234,0,0,etna,flag - etna
2026-HC-2PPSTREAM-A-B__2026-01-29_13-52-13,2026-01-29T13:52:13Z,133.2,TW,2PP,2,42,Leif,Leif,subadult male,HT72,2026-01-29T13:52:43Z,2026-01-29T13:54:06Z,83.333,NA,NA,13.901,NA,NA,NA,32.441070938215105,NA,46.3420709382151,2,1,NA,NA
2026-HC-2PPSTREAM-A-B__2026-01-29_13-52-13,2026-01-29T13:52:13Z,133.2,TW,2PP,2,43,Meemee,Meemee,adult female,HT73,2026-01-29T13:53:51Z,2026-01-29T13:53:54Z,2.266,NA,1.033,NA,NA,NA,NA,NA,NA,0,0,0,NA,NA
2026-HC-2PPSTREAM-A-B__2026-01-29_13-55-04,2026-01-29T13:55:04Z,123.667,TW,2PP,2,44,Martha,Martha,adult female,HT74,2026-01-29T13:55:10Z,2026-01-29T13:55:11Z,0.266,NA,NA,NA,NA,NA,NA,NA,NA,0,0,0,NA,NA
2026-HC-2PPSTREAM-A-B__2026-01-29_13-55-04,2026-01-29T13:55:04Z,123.667,TW,2PP,2,44,Martha,Martha,adult female,HT75,2026-01-29T13:55:11Z,2026-01-29T13:55:12Z,0.733,NA,NA,NA,NA,NA,NA,NA,NA,0,0,0,NA,NA
2026-HC-2PPSTREAM-A-B__2026-01-29_13-55-04,2026-01-29T13:55:04Z,123.667,TW,2PP,2,44,Martha,Martha,adult female,HT76,2026-01-29T13:55:19Z,2026-01-29T13:55:20Z,0.7,NA,NA,NA,NA,NA,NA,NA,NA,0,0,0,NA,NA
2026-HC-2PPSTREAM-A-B__2026-01-29_13-55-04,2026-01-29T13:55:04Z,123.667,TW,2PP,2,44,Martha,Martha,adult female,HT77,2026-01-29T13:55:25Z,2026-01-29T13:55:26Z,1.133,NA,NA,NA,NA,NA,NA,NA,NA,0,0,0,NA,NA
2026-HC-2PPSTREAM-A-B__2026-01-29_14-04-46,2026-01-29T14:04:46Z,120.333,TW,2PP,2,45,Richard,Richard,adult male,HT78,2026-01-29T14:04:50Z,2026-01-29T14:04:51Z,0.733,NA,NA,NA,NA,NA,NA,NA,NA,0,0,0,NA,NA
2026-HC-2PPSTREAM-A-B__2026-01-29_14-04-46,2026-01-29T14:04:46Z,120.333,TW,2PP,2,45,Richard,Richard,adult male,HT79,2026-01-29T14:04:53Z,2026-01-29T14:04:54Z,1.5,NA,0.567,NA,NA,NA,NA,NA,NA,0,0,0,NA,NA
2026-HC-2PPSTREAM-A-B__2026-01-29_14-04-46,2026-01-29T14:04:46Z,120.333,TW,2PP,2,45,Richard,Richard,adult male,HT80,2026-01-29T14:04:56Z,2026-01-29T14:05:02Z,5.733,NA,NA,NA,NA,NA,NA,NA,NA,0,0,0,NA,NA
2026-HC-2PPSTREAM-A-B__2026-01-30_14-39-01,2026-01-30T14:39:01Z,145.967,TW,2PP,2,47,JUV 8,NA,juvenile,HT81,2026-01-30T14:39:39Z,2026-01-30T14:39:45Z,5.9,NA,0.666,NA,NA,NA,NA,NA,NA,0,0,0,NA,NA
2026-HC-2PPSTREAM-A-B__2026-01-30_14-39-01,2026-01-30T14:39:01Z,145.967,TW,2PP,2,47,JUV 8,NA,juvenile,HT82,2026-01-30T14:39:55Z,2026-01-30T14:39:57Z,2.9,NA,0.8,NA,NA,NA,NA,NA,NA,0,0,0,NA,NA
2026-HC-2PPSTREAM-A-B__2026-02-02_10-21-21,2026-02-02T10:21:21Z,130.467,TW,2PP,2,55,JUV 10,NA,juvenile,HT83,2026-02-02T10:21:54Z,2026-02-02T10:22:19Z,25.234,NA,NA,17.434,NA,1.2,NA,NA,NA,18.634,0,0,NA,NA
2026-HC-2PPSTREAM-A-B__2026-02-08_16-04-07,2026-02-08T16:04:07Z,129.533,TW,2PP,3,66,Alfalfa,Alfalfa,adult male,HT84,2026-02-08T16:04:12Z,2026-02-08T16:04:20Z,8.3,NA,NA,5.1,NA,NA,NA,NA,NA,5.1,1,1,NA,NA
2026-HC-2PPSTREAM-A-B__2026-02-08_16-04-07,2026-02-08T16:04:07Z,129.533,TW,2PP,3,66,Alfalfa,Alfalfa,adult male,HT85,2026-02-08T16:04:23Z,2026-02-08T16:04:29Z,6,NA,NA,5.233,NA,NA,NA,NA,NA,5.233,0,0,NA,NA
2026-HC-2PPSTREAM-A-B__2026-02-08_16-04-07,2026-02-08T16:04:07Z,129.533,TW,2PP,3,68,JUV 19,NA,juvenile,HT86,2026-02-08T16:04:30Z,2026-02-08T16:04:51Z,20.9,NA,NA,2.7329999999999997,NA,NA,NA,NA,NA,2.7329999999999997,2,1,NA,NA
2026-HC-2PPSTREAM-A-B__2026-02-08_16-04-07,2026-02-08T16:04:07Z,129.533,TW,2PP,3,66,Alfalfa,Alfalfa,adult male,HT87,2026-02-08T16:04:31Z,2026-02-08T16:04:35Z,3.467,NA,0.133,2.699,NA,NA,NA,NA,NA,2.699,0,0,NA,NA
2026-HC-2PPSTREAM-A-B__2026-02-08_16-04-07,2026-02-08T16:04:07Z,129.533,TW,2PP,3,66,Alfalfa,Alfalfa,adult male,HT88,2026-02-08T16:04:47Z,2026-02-08T16:04:54Z,6.966,NA,NA,2.533,NA,1.4,NA,NA,NA,3.933,1,1,bite and pull with teeth; much of HC uneaten,NA
2026-HC-2PPSTREAM-A-B__2026-02-08_16-04-07,2026-02-08T16:04:07Z,129.533,TW,2PP,3,66,Alfalfa,Alfalfa,adult male,HT89,2026-02-08T16:05:00Z,2026-02-08T16:05:12Z,12.1,NA,NA,4.2010000000000005,1,NA,NA,NA,NA,5.2010000000000005,4,1,NA,NA
2026-HC-2PPSTREAM-A-B__2026-02-08_16-04-07,2026-02-08T16:04:07Z,129.533,TW,2PP,3,68,JUV 19,NA,juvenile,HT90,2026-02-08T16:05:11Z,2026-02-08T16:05:11Z,0.267,NA,NA,NA,NA,NA,NA,NA,NA,0,0,0,NA,NA
2026-HC-2PPSTREAM-A-B__2026-02-08_16-04-07,2026-02-08T16:04:07Z,129.533,TW,2PP,3,67,Professor,Professor,subadult male,HT91,2026-02-08T16:05:25Z,2026-02-08T16:05:26Z,1.367,NA,NA,NA,NA,NA,NA,NA,NA,0,0,0,NA,NA
2026-HC-2PPSTREAM-A-B__2026-02-08_16-04-07,2026-02-08T16:04:07Z,129.533,TW,2PP,3,68,JUV 19,NA,juvenile,HT92,2026-02-08T16:05:26Z,2026-02-08T16:05:28Z,1.4,NA,0.7,NA,NA,NA,NA,NA,NA,0,0,0,NA,NA
2026-HC-2PPSTREAM-A-B__2026-02-08_16-04-07,2026-02-08T16:04:07Z,129.533,TW,2PP,3,68,JUV 19,NA,juvenile,HT93,2026-02-08T16:05:31Z,2026-02-08T16:05:40Z,8.567,NA,0.467,NA,NA,NA,0.533,1.3535354691075545,NA,1.8865354691075544,0,0,NA,NA
2026-HC-2PPSTREAM-A-B__2026-02-08_16-04-07,2026-02-08T16:04:07Z,129.533,TW,2PP,3,67,Professor,Professor,subadult male,HT94,2026-02-08T16:05:35Z,2026-02-08T16:05:37Z,2.667,NA,1.233,NA,NA,NA,NA,NA,NA,0,0,0,NA,NA
2026-HC-2PPSTREAM-A-B__2026-02-08_16-04-07,2026-02-08T16:04:07Z,129.533,TW,2PP,3,68,JUV 19,NA,juvenile,HT95,2026-02-08T16:05:48Z,2026-02-08T16:05:51Z,3.634,NA,1.1,1.5,NA,NA,NA,NA,NA,1.5,0,0,NA,NA
2026-HC-2PPSTREAM-A-B__2026-02-08_16-04-07,2026-02-08T16:04:07Z,129.533,TW,2PP,3,68,JUV 19,NA,juvenile,HT96,2026-02-08T16:05:54Z,2026-02-08T16:05:54Z,0.267,NA,NA,NA,NA,NA,NA,NA,NA,0,0,0,NA,NA
2026-HC-2PPSTREAM-A-B__2026-02-08_16-04-07,2026-02-08T16:04:07Z,129.533,TW,2PP,3,66,Alfalfa,Alfalfa,adult male,HT97,2026-02-08T16:05:55Z,2026-02-08T16:06:07Z,11.332,NA,NA,4.832,NA,NA,NA,5.533000000000001,NA,10.365000000000002,0,0,etna; etna,flag - etna; flag - etna
2026-HC-2PPSTREAM-A-B__2026-02-08_16-06-16,2026-02-08T16:06:16Z,134.367,TW,2PP,3,69,Alfalfa,Alfalfa,adult male,HT98,2026-02-08T16:07:31Z,2026-02-08T16:07:33Z,2.1,NA,NA,1.234,NA,NA,NA,NA,NA,1.234,0,0,NA,NA
2026-HC-2PPSTREAM-A-B__2026-02-08_16-06-16,2026-02-08T16:06:16Z,134.367,TW,2PP,3,69,Alfalfa,Alfalfa,adult male,HT99,2026-02-08T16:07:35Z,2026-02-08T16:08:16Z,40.199,NA,NA,1.1,NA,NA,NA,9.85353546910754,NA,10.953535469107539,0,0,etna; limited visibility; limited visibility; limited visibility; limited visibility; limited visibility; limited visibility; limited visibility; limited visibility,flag - limited visibility; flag - limited visibility; flag - limited visibility; flag - limited visibility; flag - limited visibility; flag - limited visibility; flag - limited visibility; flag - limited visibility
2026-HC-2PPSTREAM-A-B__2026-02-08_16-06-16,2026-02-08T16:06:16Z,134.367,TW,2PP,3,71,JUV 21,NA,juvenile,HT100,2026-02-08T16:08:28Z,2026-02-08T16:08:30Z,1.733,NA,NA,NA,NA,NA,NA,NA,NA,0,0,0,etna,flag - etna
2026-HC-2PPSTREAM-A-B__2026-02-08_16-08-57,2026-02-08T16:08:57Z,132.6,TW,2PP,3,73,JUV 22,NA,juvenile,HT101,2026-02-08T16:09:15Z,2026-02-08T16:09:19Z,3.533,NA,NA,NA,NA,NA,NA,NA,NA,0,0,0,NA,NA
2026-HC-2PPSTREAM-A-B__2026-02-08_16-08-57,2026-02-08T16:08:57Z,132.6,TW,2PP,3,73,JUV 22,NA,juvenile,HT102,2026-02-08T16:09:20Z,2026-02-08T16:09:39Z,18.466,1.633,0.3,NA,NA,NA,NA,NA,NA,0,0,0,NA,NA
2026-HC-2PPSTREAM-A-B__2026-02-08_16-08-57,2026-02-08T16:08:57Z,132.6,TW,2PP,3,72,Alfalfa,Alfalfa,adult male,HT103,2026-02-08T16:09:22Z,2026-02-08T16:09:24Z,1.266,NA,NA,NA,NA,NA,NA,NA,NA,0,0,0,NA,NA
2026-HC-2PPSTREAM-A-B__2026-02-08_16-08-57,2026-02-08T16:08:57Z,132.6,TW,2PP,3,72,Alfalfa,Alfalfa,adult male,HT104,2026-02-08T16:09:25Z,2026-02-08T16:09:41Z,16.366,NA,NA,15.533,NA,NA,NA,NA,NA,15.533,0,0,NA,NA
2026-HC-2PPSTREAM-A-B__2026-02-08_16-08-57,2026-02-08T16:08:57Z,132.6,TW,2PP,3,73,JUV 22,NA,juvenile,HT105,2026-02-08T16:09:40Z,2026-02-08T16:09:49Z,9.234,NA,0.534,NA,NA,NA,NA,0.8329999999999984,NA,0.8329999999999984,0,0,limited visibility; use of tail to hold HC in place (obstructs view),flag - limited visibility
2026-HC-2PPSTREAM-A-B__2026-02-08_16-08-57,2026-02-08T16:08:57Z,132.6,TW,2PP,3,74,JUV 23,NA,juvenile,HT106,2026-02-08T16:09:44Z,2026-02-08T16:09:49Z,4.634,NA,1.933,NA,NA,NA,NA,NA,NA,0,0,0,stna,flag - stna
2026-HC-2PPSTREAM-A-B__2026-02-08_16-08-57,2026-02-08T16:08:57Z,132.6,TW,2PP,3,74,JUV 23,NA,juvenile,HT107,2026-02-08T16:09:51Z,2026-02-08T16:09:54Z,3.567,NA,NA,NA,NA,NA,NA,NA,NA,0,0,0,NA,NA
2026-HC-2PPSTREAM-A-B__2026-02-08_16-08-57,2026-02-08T16:08:57Z,132.6,TW,2PP,3,73,JUV 22,NA,juvenile,HT108,2026-02-08T16:09:55Z,2026-02-08T16:09:59Z,3.965,NA,NA,NA,NA,NA,NA,NA,NA,0,0,0,etna,flag - etna
2026-HC-2PPSTREAM-A-B__2026-02-08_16-08-57,2026-02-08T16:08:57Z,132.6,TW,2PP,3,75,JUV 24,NA,juvenile,HT109,2026-02-08T16:10:00Z,2026-02-08T16:10:07Z,7,NA,0.433,4.9,NA,NA,NA,NA,NA,4.9,0,0,NA,NA
2026-HC-2PPSTREAM-A-B__2026-02-08_16-08-57,2026-02-08T16:08:57Z,132.6,TW,2PP,3,75,JUV 24,NA,juvenile,HT110,2026-02-08T16:10:13Z,2026-02-08T16:10:18Z,5.366,NA,3.1990000000000003,NA,NA,NA,NA,NA,NA,0,0,0,etna,flag - etna
2026-HC-2PPSTREAM-A-B__2026-02-08_16-12-39,2026-02-08T16:12:39Z,117.9,TW,2PP,3,78,Dimples,Dimples,adult male,HT111,2026-02-08T16:12:45Z,2026-02-08T16:12:46Z,1.3,NA,NA,NA,NA,NA,NA,NA,NA,0,0,0,NA,NA
2026-HC-2PPSTREAM-A-B__2026-02-08_16-12-39,2026-02-08T16:12:39Z,117.9,TW,2PP,3,78,Dimples,Dimples,adult male,HT112,2026-02-08T16:12:51Z,2026-02-08T16:12:53Z,1.333,NA,NA,NA,NA,NA,NA,NA,NA,0,0,0,NA,NA
2026-HC-2PPSTREAM-A-B__2026-02-08_16-12-39,2026-02-08T16:12:39Z,117.9,TW,2PP,3,78,Dimples,Dimples,adult male,HT113,2026-02-08T16:12:57Z,2026-02-08T16:13:33Z,36.033,NA,NA,7.7989999999999995,NA,2.866,NA,2.1205354691075504,NA,12.78553546910755,2,1,limited visibility,flag - limited visibility
2026-HC-2PPSTREAM-A-B__2026-02-08_16-12-39,2026-02-08T16:12:39Z,117.9,TW,2PP,3,79,JUV 25,NA,juvenile,HT114,2026-02-08T16:12:58Z,2026-02-08T16:12:59Z,1.066,NA,NA,NA,NA,NA,NA,NA,NA,0,0,0,etna,flag - etna
2026-HC-2PPSTREAM-A-B__2026-02-08_16-12-39,2026-02-08T16:12:39Z,117.9,TW,2PP,3,79,JUV 25,NA,juvenile,HT115,2026-02-08T16:13:18Z,2026-02-08T16:13:21Z,3.133,NA,0.766,NA,NA,NA,NA,NA,NA,0,0,0,NA,NA
2026-HC-2PPSTREAM-A-B__2026-02-08_16-12-39,2026-02-08T16:12:39Z,117.9,TW,2PP,3,79,JUV 25,NA,juvenile,HT116,2026-02-08T16:13:22Z,2026-02-08T16:13:25Z,3.9,NA,0.567,2.165,NA,NA,NA,NA,NA,2.165,0,0,NA,NA
2026-HC-2PPSTREAM-A-B__2026-02-08_16-12-39,2026-02-08T16:12:39Z,117.9,TW,2PP,3,79,JUV 25,NA,juvenile,HT117,2026-02-08T16:13:34Z,2026-02-08T16:13:36Z,2.3,NA,0.933,NA,NA,NA,NA,NA,NA,0,0,0,NA,NA
2026-HC-2PPSTREAM-A-B__2026-02-08_16-12-39,2026-02-08T16:12:39Z,117.9,TW,2PP,3,78,Dimples,Dimples,adult male,HT118,2026-02-08T16:13:40Z,2026-02-08T16:14:00Z,20.4,NA,NA,0.967,NA,NA,NA,6.699999999999989,NA,7.666999999999988,4,1,NA,NA
2026-HC-2PPSTREAM-A-B__2026-02-08_16-12-39,2026-02-08T16:12:39Z,117.9,TW,2PP,3,78,Dimples,Dimples,adult male,HT119,2026-02-08T16:14:03Z,2026-02-08T16:14:07Z,3.699,NA,NA,NA,NA,NA,NA,NA,NA,0,0,0,etna,flag - etna
2026-HC-2PPSTREAM-A-B__2026-02-08_16-15-04,2026-02-08T16:15:04Z,120.333,TW,2PP,3,80,Billy,Billy,adult male,HT120,2026-02-08T16:15:48Z,2026-02-08T16:15:50Z,2.1,NA,0.233,NA,NA,NA,NA,NA,NA,0,0,0,NA,NA
2026-HC-2PPSTREAM-A-B__2026-02-08_16-15-04,2026-02-08T16:15:04Z,120.333,TW,2PP,3,80,Billy,Billy,adult male,HT121,2026-02-08T16:15:51Z,2026-02-08T16:15:55Z,3.333,NA,1.166,NA,NA,NA,NA,NA,NA,0,0,0,NA,NA
2026-HC-2PPSTREAM-A-B__2026-02-08_16-15-04,2026-02-08T16:15:04Z,120.333,TW,2PP,3,81,JUV 26,NA,juvenile,HT122,2026-02-08T16:15:57Z,2026-02-08T16:15:58Z,1.467,NA,0.8,NA,NA,NA,NA,NA,NA,0,0,0,NA,NA
2026-HC-2PPSTREAM-A-B__2026-02-08_16-15-04,2026-02-08T16:15:04Z,120.333,TW,2PP,3,80,Billy,Billy,adult male,HT123,2026-02-08T16:16:02Z,2026-02-08T16:16:03Z,0.733,NA,NA,NA,NA,NA,NA,NA,NA,0,0,0,NA,NA
2026-HC-2PPSTREAM-A-B__2026-02-08_16-15-04,2026-02-08T16:15:04Z,120.333,TW,2PP,3,80,Billy,Billy,adult male,HT124,2026-02-08T16:16:07Z,2026-02-08T16:16:11Z,4.133,NA,0.2,NA,NA,NA,NA,NA,NA,0,0,0,NA,NA
2026-HC-2PPSTREAM-A-B__2026-02-08_16-15-04,2026-02-08T16:15:04Z,120.333,TW,2PP,3,80,Billy,Billy,adult male,HT125,2026-02-08T16:16:13Z,2026-02-08T16:16:30Z,17.433,NA,NA,6.133,NA,NA,NA,2.1000000000000085,NA,8.233000000000008,1,1,NA,NA
2026-HC-2PPSTREAM-A-B__2026-02-08_16-15-04,2026-02-08T16:15:04Z,120.333,TW,2PP,3,81,JUV 26,NA,juvenile,HT126,2026-02-08T16:16:30Z,2026-02-08T16:16:41Z,10.167,NA,NA,NA,NA,NA,NA,NA,NA,0,2,1,pp by Billy,flag - previously processed
2026-HC-2PPSTREAM-A-B__2026-02-08_16-50-28,2026-02-08T16:50:28Z,122.067,TW,2PP,3,83,Dimples,Dimples,adult male,HT127,2026-02-08T16:50:46Z,2026-02-08T16:50:46Z,0.667,NA,NA,NA,NA,NA,NA,NA,NA,0,0,0,NA,NA
2026-HC-2PPSTREAM-A-B__2026-02-08_16-53-54,2026-02-08T16:53:54Z,139.933,TW,2PP,3,85,SAF 28,NA,subadult female,HT128,2026-02-08T16:54:06Z,2026-02-08T16:54:09Z,2.8,NA,0.366,1.634,NA,NA,NA,NA,NA,1.634,0,0,NA,NA
2026-HC-2PPSTREAM-A-B__2026-02-08_16-53-54,2026-02-08T16:53:54Z,139.933,TW,2PP,3,84,JUV 27,NA,juvenile,HT129,2026-02-08T16:54:10Z,2026-02-08T16:54:17Z,7,NA,0.833,1.833,NA,NA,NA,NA,NA,1.833,0,0,NA,NA
2026-HC-2PPSTREAM-A-B__2026-02-08_16-53-54,2026-02-08T16:53:54Z,139.933,TW,2PP,3,85,SAF 28,NA,subadult female,HT130,2026-02-08T16:54:11Z,2026-02-08T16:54:15Z,3.5,NA,0.3,1.699,NA,NA,NA,NA,NA,1.699,0,0,NA,NA
2026-HC-2PPSTREAM-A-B__2026-02-08_16-53-54,2026-02-08T16:53:54Z,139.933,TW,2PP,3,85,SAF 28,NA,subadult female,HT131,2026-02-08T16:54:32Z,2026-02-08T16:54:32Z,0.8,NA,NA,NA,NA,NA,NA,NA,NA,0,0,0,NA,NA
2026-HC-2PPSTREAM-A-B__2026-02-08_16-53-54,2026-02-08T16:53:54Z,139.933,TW,2PP,3,84,JUV 27,NA,juvenile,HT132,2026-02-08T16:54:41Z,2026-02-08T16:54:43Z,1.933,NA,0.6,NA,NA,NA,NA,NA,NA,0,0,0,1,NA
2026-HC-2PPSTREAM-A-B__2026-02-08_16-53-54,2026-02-08T16:53:54Z,139.933,TW,2PP,3,85,SAF 28,NA,subadult female,HT133,2026-02-08T16:54:53Z,2026-02-08T16:54:53Z,0.6,NA,NA,NA,NA,NA,NA,NA,NA,0,0,0,camB; camB; camB,NA
2026-HC-2PPSTREAM-A-B__2026-02-08_16-53-54,2026-02-08T16:53:54Z,139.933,TW,2PP,3,85,SAF 28,NA,subadult female,HT134,2026-02-08T16:55:02Z,2026-02-08T16:55:05Z,2.834,NA,NA,NA,NA,NA,NA,NA,NA,0,0,0,camB; camB; camB,NA
2026-HC-2PPSTREAM-A-B__2026-02-11_17-30-19,2026-02-11T17:30:19Z,132.7,TW,2PP,3,90,SAM 32,NA,subadult male,HT135,2026-02-11T17:30:37Z,2026-02-11T17:30:41Z,3.266,NA,NA,NA,NA,NA,NA,NA,NA,0,0,0,etna; genitals,flag - etna
2026-HC-2PPSTREAM-A-B__2026-02-11_17-51-15,2026-02-11T17:51:15Z,131.933,TW,2PP,3,91,JUV 33,NA,juvenile,HT136,2026-02-11T17:52:56Z,2026-02-11T17:52:58Z,1.233,NA,NA,NA,NA,NA,NA,NA,NA,0,0,0,NA,NA
2026-HC-2PPSTREAM-A-B__2026-02-13_07-32-26,2026-02-13T07:32:26Z,120.733,TW,2PP,4,94,Nami,Nami,adult female,HT137,2026-02-13T07:32:38Z,2026-02-13T07:32:40Z,1.933,NA,NA,NA,NA,NA,NA,NA,NA,0,0,0,etna; seems nervous,flag - etna
2026-HC-2PPSTREAM-A-B__2026-02-13_07-37-37,2026-02-13T07:37:37Z,122.833,TW,2PP,4,96,Nami,Nami,adult female,HT138,2026-02-13T07:37:42Z,2026-02-13T07:37:50Z,8.167,NA,NA,3.1,NA,NA,NA,NA,NA,3.1,1,1,NA,NA
2026-HC-2PPSTREAM-A-B__2026-02-13_07-37-37,2026-02-13T07:37:37Z,122.833,TW,2PP,4,96,Nami,Nami,adult female,HT139,2026-02-13T07:37:55Z,2026-02-13T07:38:19Z,24.067,NA,NA,5.1,NA,NA,NA,5.967000000000002,NA,11.067000000000002,2,1,NA,NA
2026-HC-2PPSTREAM-A-B__2026-02-13_07-37-37,2026-02-13T07:37:37Z,122.833,TW,2PP,4,96,Nami,Nami,adult female,HT140,2026-02-13T07:38:22Z,2026-02-13T07:38:24Z,1.466,NA,NA,NA,NA,NA,NA,NA,NA,0,0,0,NA,NA
2026-HC-2PPSTREAM-A-B__2026-02-13_07-37-37,2026-02-13T07:37:37Z,122.833,TW,2PP,4,96,Nami,Nami,adult female,HT141,2026-02-13T07:38:25Z,2026-02-13T07:38:27Z,2.666,NA,NA,NA,NA,NA,NA,NA,NA,0,0,0,etna,flag - etna
2026-HC-2PPSTREAM-A-B__2026-02-13_07-37-37,2026-02-13T07:37:37Z,122.833,TW,2PP,4,95,Leif,Leif,subadult male,HT142,2026-02-13T07:39:00Z,2026-02-13T07:39:16Z,16.667,NA,NA,1.467,NA,NA,NA,NA,NA,1.467,4,1,seems nervous; limited visibility,flag - limited visibility
2026-HC-2PPSTREAM-A-B__2026-02-13_07-37-37,2026-02-13T07:37:37Z,122.833,TW,2PP,4,97,AM 36,NA,adult male,HT143,2026-02-13T07:39:09Z,2026-02-13T07:39:11Z,1.733,NA,NA,NA,NA,NA,NA,NA,NA,0,0,0,carried into arena,NA
2026-HC-2PPSTREAM-A-B__2026-02-13_07-37-37,2026-02-13T07:37:37Z,122.833,TW,2PP,4,97,AM 36,NA,adult male,HT144,2026-02-13T07:39:18Z,2026-02-13T07:39:39Z,21.333,NA,NA,NA,NA,NA,NA,NA,NA,0,0,0,etna,flag - etna
2026-HC-2PPSTREAM-A-B__2026-02-13_07-45-01,2026-02-13T07:45:01Z,120.067,TW,2PP,4,98,Leif,Leif,subadult male,HT145,2026-02-13T07:45:05Z,2026-02-13T07:45:07Z,1.567,NA,NA,0.7,NA,NA,NA,NA,NA,0.7,0,0,NA,NA
2026-HC-2PPSTREAM-A-B__2026-02-13_07-45-01,2026-02-13T07:45:01Z,120.067,TW,2PP,4,98,Leif,Leif,subadult male,HT146,2026-02-13T07:45:08Z,2026-02-13T07:45:49Z,41.267,NA,NA,7.2330000000000005,NA,NA,NA,6.2535354691075495,NA,13.486535469107551,4,1,limited visibility; limited visibility; limited visibility,flag - limited visibility; flag - limited visibility; flag - limited visibility
2026-HC-2PPSTREAM-A-B__2026-02-13_07-45-01,2026-02-13T07:45:01Z,120.067,TW,2PP,4,100,NA 37,NA,non-adult,HT147,2026-02-13T07:45:32Z,2026-02-13T07:45:34Z,1.533,NA,0.434,NA,NA,NA,NA,NA,NA,0,0,0,NA,NA
2026-HC-2PPSTREAM-A-B__2026-02-13_07-45-01,2026-02-13T07:45:01Z,120.067,TW,2PP,4,98,Leif,Leif,subadult male,HT148,2026-02-13T07:45:50Z,2026-02-13T07:46:15Z,24.433,NA,NA,2.133,NA,NA,NA,1.5329999999999941,NA,3.665999999999994,2,1,limited visibility,flag - limited visibility
2026-HC-2PPSTREAM-A-B__2026-02-13_07-45-01,2026-02-13T07:45:01Z,120.067,TW,2PP,4,99,Robin,Robin,juvenile male,HT149,2026-02-13T07:46:11Z,2026-02-13T07:46:13Z,1.899,NA,NA,NA,NA,NA,NA,NA,NA,0,0,0,etna,flag - etna
2026-HC-2PPSTREAM-A-B__2026-02-13_07-45-01,2026-02-13T07:45:01Z,120.067,TW,2PP,4,98,Leif,Leif,subadult male,HT150,2026-02-13T07:46:19Z,2026-02-13T07:46:31Z,12.233,NA,NA,2.233,NA,NA,NA,2,NA,4.2330000000000005,1,1,limited visibility,flag - limited visibility
2026-HC-2PPSTREAM-A-B__2026-02-13_07-45-01,2026-02-13T07:45:01Z,120.067,TW,2PP,4,98,Leif,Leif,subadult male,HT151,2026-02-13T07:46:40Z,2026-02-13T07:46:44Z,3.9,NA,NA,2.5,NA,NA,NA,NA,NA,2.5,0,0,NA,NA
2026-HC-2PPSTREAM-A-B__2026-02-13_07-45-01,2026-02-13T07:45:01Z,120.067,TW,2PP,4,98,Leif,Leif,subadult male,HT152,2026-02-13T07:46:45Z,2026-02-13T07:46:47Z,1.533,NA,NA,0.734,NA,NA,NA,NA,NA,0.734,0,0,NA,NA
2026-HC-2PPSTREAM-A-B__2026-02-13_07-45-01,2026-02-13T07:45:01Z,120.067,TW,2PP,4,98,Leif,Leif,subadult male,HT153,2026-02-13T07:46:47Z,2026-02-13T07:47:00Z,12.967,NA,NA,1.067,NA,NA,NA,NA,NA,1.067,4,1,NA,NA
2026-HC-2PPSTREAM-A-B__2026-02-13_07-47-04,2026-02-13T07:47:04Z,120.1,TW,2PP,4,101,Leif,Leif,subadult male,HT154,2026-02-13T07:47:04Z,2026-02-13T07:47:45Z,41.367,NA,NA,7.9,NA,NA,NA,4.2195354691075515,NA,12.119535469107552,3,1,stna; limited visibility; limited visibility,flag - stna; flag - limited visibility; flag - limited visibility
2026-HC-2PPSTREAM-A-B__2026-02-13_07-47-04,2026-02-13T07:47:04Z,120.1,TW,2PP,4,101,Leif,Leif,subadult male,HT155,2026-02-13T07:47:53Z,2026-02-13T07:47:54Z,1.267,NA,NA,NA,NA,NA,NA,NA,NA,0,0,0,NA,NA
2026-HC-2PPSTREAM-A-B__2026-02-13_07-47-04,2026-02-13T07:47:04Z,120.1,TW,2PP,4,101,Leif,Leif,subadult male,HT156,2026-02-13T07:47:59Z,2026-02-13T07:48:01Z,1.2,NA,NA,NA,NA,NA,NA,NA,NA,0,0,0,NA,NA
2026-HC-2PPSTREAM-A-B__2026-02-13_07-47-04,2026-02-13T07:47:04Z,120.1,TW,2PP,4,101,Leif,Leif,subadult male,HT157,2026-02-13T07:48:05Z,2026-02-13T07:48:17Z,11.833,NA,NA,8.933,NA,0.6,NA,NA,NA,9.533,1,1,bite and pull with teeth,NA
2026-HC-2PPSTREAM-A-B__2026-02-13_07-47-04,2026-02-13T07:47:04Z,120.1,TW,2PP,4,101,Leif,Leif,subadult male,HT158,2026-02-13T07:48:22Z,2026-02-13T07:48:24Z,2.434,NA,NA,NA,NA,NA,NA,NA,NA,0,0,0,NA,NA
2026-HC-2PPSTREAM-A-B__2026-02-13_07-47-04,2026-02-13T07:47:04Z,120.1,TW,2PP,4,101,Leif,Leif,subadult male,HT159,2026-02-13T07:48:25Z,2026-02-13T07:49:04Z,38.2,NA,NA,25.068,NA,0.533,NA,3.453535469107549,NA,29.05453546910755,2,1,etna; close-up,flag - etna
2026-HC-2PPSTREAM-A-B__2026-02-13_07-49-28,2026-02-13T07:49:28Z,141.1,TW,2PP,4,102,Leif,Leif,subadult male,HT160,2026-02-13T07:49:51Z,2026-02-13T07:49:55Z,4.333,NA,NA,3.367,NA,NA,NA,NA,NA,3.367,0,0,NA,NA
2026-HC-2PPSTREAM-A-B__2026-02-13_07-49-28,2026-02-13T07:49:28Z,141.1,TW,2PP,4,102,Leif,Leif,subadult male,HT161,2026-02-13T07:49:56Z,2026-02-13T07:50:01Z,5.366,NA,NA,2.067,NA,NA,NA,NA,NA,2.067,2,1,NA,NA
2026-HC-2PPSTREAM-A-B__2026-02-13_07-49-28,2026-02-13T07:49:28Z,141.1,TW,2PP,4,102,Leif,Leif,subadult male,HT162,2026-02-13T07:50:02Z,2026-02-13T07:50:03Z,1.467,NA,NA,NA,NA,NA,NA,NA,NA,0,0,0,NA,NA
2026-HC-2PPSTREAM-A-B__2026-02-13_07-49-28,2026-02-13T07:49:28Z,141.1,TW,2PP,4,102,Leif,Leif,subadult male,HT163,2026-02-13T07:50:04Z,2026-02-13T07:50:12Z,7.833,NA,NA,4.767,NA,NA,NA,NA,NA,4.767,1,1,NA,NA
2026-HC-2PPSTREAM-A-B__2026-02-13_07-49-28,2026-02-13T07:49:28Z,141.1,TW,2PP,4,102,Leif,Leif,subadult male,HT164,2026-02-13T07:50:13Z,2026-02-13T07:50:40Z,27.267,NA,NA,10.468,NA,NA,NA,6.199000000000005,NA,16.667000000000005,2,1,NA,NA
2026-HC-2PPSTREAM-A-B__2026-02-13_07-49-28,2026-02-13T07:49:28Z,141.1,TW,2PP,4,102,Leif,Leif,subadult male,HT165,2026-02-13T07:50:43Z,2026-02-13T07:50:51Z,7.833,NA,NA,1.434,NA,NA,NA,NA,NA,1.434,3,1,NA,NA
2026-HC-2PPSTREAM-A-B__2026-02-13_07-49-28,2026-02-13T07:49:28Z,141.1,TW,2PP,4,102,Leif,Leif,subadult male,HT166,2026-02-13T07:50:51Z,2026-02-13T07:50:54Z,2.266,NA,NA,NA,NA,NA,NA,NA,NA,0,0,0,NA,NA
2026-HC-2PPSTREAM-A-B__2026-02-14_08-11-30,2026-02-14T08:11:30Z,120.3,TW,2PP,4,104,Leif,Leif,subadult male,HT167,2026-02-14T08:11:34Z,2026-02-14T08:11:35Z,0.833,NA,NA,NA,NA,NA,NA,NA,NA,0,0,0,NA,NA
2026-HC-2PPSTREAM-A-B__2026-02-14_08-13-33,2026-02-14T08:13:33Z,120.3,TW,2PP,4,105,Bullseye,Bullseye,subadult male,HT168,2026-02-14T08:14:05Z,2026-02-14T08:14:07Z,1.833,NA,NA,NA,NA,NA,NA,NA,NA,0,0,0,NA,NA
2026-HC-2PPSTREAM-A-B__2026-02-14_08-13-33,2026-02-14T08:13:33Z,120.3,TW,2PP,4,107,JUV 38,NA,juvenile,HT169,2026-02-14T08:14:06Z,2026-02-14T08:14:09Z,2.6,NA,0.7,NA,NA,NA,NA,NA,NA,0,0,0,NA,NA
2026-HC-2PPSTREAM-A-B__2026-02-14_08-13-33,2026-02-14T08:13:33Z,120.3,TW,2PP,4,107,JUV 38,NA,juvenile,HT170,2026-02-14T08:14:14Z,2026-02-14T08:14:15Z,1.2,NA,NA,NA,NA,NA,NA,NA,NA,0,0,0,NA,NA
2026-HC-2PPSTREAM-A-B__2026-02-14_08-13-33,2026-02-14T08:13:33Z,120.3,TW,2PP,4,107,JUV 38,NA,juvenile,HT171,2026-02-14T08:14:19Z,2026-02-14T08:14:23Z,4.032,NA,NA,2.067,NA,NA,NA,NA,NA,2.067,0,0,etna,flag - etna
2026-HC-2PPSTREAM-A-B__2026-02-18_12-54-48,2026-02-18T12:54:48Z,127.067,TW,2PP,4,115,Bullseye,Bullseye,subadult male,HT172,2026-02-18T12:54:50Z,2026-02-18T12:54:51Z,1.434,NA,0.4,NA,NA,NA,NA,NA,NA,0,0,0,NA,NA
2026-HC-COCO-A-B__2026-02-09_15-50-29,2026-02-09T15:50:29Z,235.967,TW,COCO,5,117,JUV 44,NA,juvenile,HC1,2026-02-09T15:52:49Z,2026-02-09T15:53:00Z,10.365,NA,2.933,NA,NA,NA,NA,NA,NA,0,0,0,etna,flag - etna
2026-HC-COCO-A-B__2026-02-09_15-50-29,2026-02-09T15:50:29Z,235.967,TW,COCO,5,118,JUV 45,NA,juvenile,HC2,2026-02-09T15:53:07Z,2026-02-09T15:53:10Z,2.766,NA,0.4,NA,NA,NA,NA,NA,NA,0,0,0,etna,flag - etna
2026-HC-COCO-A-B__2026-02-09_16-12-04,2026-02-09T16:12:04Z,133.933,TW,COCO,5,119,JUV 46,NA,juvenile,HC3,2026-02-09T16:13:48Z,2026-02-09T16:13:55Z,7.266,NA,NA,NA,NA,NA,NA,0.6535354691075516,NA,0.6535354691075516,0,0,etna,flag - etna
2026-HC-COCO-A-B__2026-02-09_16-32-17,2026-02-09T16:32:17Z,128.867,TW,COCO,5,120,JUV 47,NA,juvenile,HC4,2026-02-09T16:32:36Z,2026-02-09T16:32:45Z,9,NA,5.1,NA,NA,NA,NA,0.6535354691075516,NA,0.6535354691075516,0,0,licks; bucket,NA
2026-HC-COCO-A-B__2026-02-09_16-32-17,2026-02-09T16:32:17Z,128.867,TW,COCO,5,120,JUV 47,NA,juvenile,HC5,2026-02-09T16:32:47Z,2026-02-09T16:33:08Z,21.334,NA,NA,3.033,2,1.2,NA,2.6000000000000014,NA,8.833000000000002,0,0,limited visibility; limited visibility,flag - limited visibility
2026-HC-COCO-A-B__2026-02-09_16-32-17,2026-02-09T16:32:17Z,128.867,TW,COCO,5,121,JUV 48,NA,juvenile,HC6,2026-02-09T16:33:03Z,2026-02-09T16:33:07Z,4.434,NA,0.567,NA,NA,NA,NA,NA,NA,0,0,0,NA,NA
2026-HC-COCO-A-B__2026-02-09_16-32-17,2026-02-09T16:32:17Z,128.867,TW,COCO,5,121,JUV 48,NA,juvenile,HC7,2026-02-09T16:33:24Z,2026-02-09T16:33:45Z,21.133,NA,NA,13.5,NA,NA,NA,NA,NA,13.5,0,0,NA,NA
2026-HC-COCO-A-B__2026-02-09_17-03-55,2026-02-09T17:03:55Z,120.633,TW,COCO,5,123,Jack,Jack,adult male,HC8,2026-02-09T17:03:56Z,2026-02-09T17:04:18Z,21.934,NA,NA,20.467,NA,NA,NA,NA,NA,20.467,1,1,NA,NA
2026-HC-COCO-A-B__2026-02-09_17-03-55,2026-02-09T17:03:55Z,120.633,TW,COCO,5,123,Jack,Jack,adult male,HC9,2026-02-09T17:04:24Z,2026-02-09T17:04:26Z,1.933,NA,NA,NA,NA,NA,NA,NA,NA,0,0,0,NA,NA
2026-HC-COCO-A-B__2026-02-09_17-03-55,2026-02-09T17:03:55Z,120.633,TW,COCO,5,123,Jack,Jack,adult male,HC10,2026-02-09T17:04:29Z,2026-02-09T17:04:35Z,6.534,NA,NA,3.934,NA,NA,NA,NA,NA,3.934,1,1,NA,NA
2026-HC-COCO-A-B__2026-02-09_17-03-55,2026-02-09T17:03:55Z,120.633,TW,COCO,5,123,Jack,Jack,adult male,HC11,2026-02-09T17:04:37Z,2026-02-09T17:04:38Z,0.8,NA,NA,NA,NA,NA,NA,NA,NA,0,0,0,NA,NA
2026-HC-COCO-A-B__2026-02-09_17-03-55,2026-02-09T17:03:55Z,120.633,TW,COCO,5,123,Jack,Jack,adult male,HC12,2026-02-09T17:04:49Z,2026-02-09T17:04:51Z,2.6,NA,1.6,NA,NA,NA,NA,NA,NA,0,0,0,NA,NA
2026-HC-COCO-A-B__2026-02-09_17-03-55,2026-02-09T17:03:55Z,120.633,TW,COCO,5,125,Tony,Tony,juvenile male,HC13,2026-02-09T17:04:56Z,2026-02-09T17:04:59Z,2.999,NA,NA,NA,NA,NA,NA,NA,NA,0,0,0,etna,flag - etna
2026-HC-COCO-A-B__2026-02-09_17-03-55,2026-02-09T17:03:55Z,120.633,TW,COCO,5,124,Louie,Louie,subadult male,HC14,2026-02-09T17:04:57Z,2026-02-09T17:05:26Z,28.833,NA,NA,3.8,NA,2,NA,0.6535354691075516,2.1000000000000014,8.553535469107553,1,1,etna; alc,flag - etna
2026-HC-COCO-A-B__2026-02-09_17-03-55,2026-02-09T17:03:55Z,120.633,TW,COCO,5,122,Harry,Harry,juvenile male,HC15,2026-02-09T17:05:03Z,2026-02-09T17:05:05Z,1.533,NA,NA,NA,NA,NA,NA,NA,NA,0,0,0,OK,NA
2026-HC-COCO-A-B__2026-02-09_17-03-55,2026-02-09T17:03:55Z,120.633,TW,COCO,5,122,Harry,Harry,juvenile male,HC16,2026-02-09T17:05:10Z,2026-02-09T17:05:11Z,1.666,NA,NA,NA,NA,NA,NA,NA,NA,0,0,0,OK,NA
2026-HC-COCO-A-B__2026-02-09_17-03-55,2026-02-09T17:03:55Z,120.633,TW,COCO,5,122,Harry,Harry,juvenile male,HC17,2026-02-09T17:05:33Z,2026-02-09T17:05:34Z,0.666,NA,NA,NA,NA,NA,NA,NA,NA,0,0,0,OK,NA
2026-HC-COCO-A-B__2026-02-09_17-03-55,2026-02-09T17:03:55Z,120.633,TW,COCO,5,122,Harry,Harry,juvenile male,HC18,2026-02-09T17:05:36Z,2026-02-09T17:05:38Z,2.3,NA,NA,NA,NA,NA,NA,NA,NA,0,0,0,OK,NA
2026-HC-COCO-A-B__2026-02-09_17-03-55,2026-02-09T17:03:55Z,120.633,TW,COCO,5,122,Harry,Harry,juvenile male,HC19,2026-02-09T17:05:40Z,2026-02-09T17:05:41Z,0.967,NA,NA,NA,NA,NA,NA,NA,NA,0,0,0,OK,NA
2026-HC-COCO-A-B__2026-02-09_17-03-55,2026-02-09T17:03:55Z,120.633,TW,COCO,5,122,Harry,Harry,juvenile male,HC20,2026-02-09T17:05:43Z,2026-02-09T17:05:48Z,4.433,NA,NA,3.533,NA,NA,NA,NA,NA,3.533,0,0,NA,NA
2026-HC-COCO-A-B__2026-02-09_17-06-02,2026-02-09T17:06:02Z,126.5,TW,COCO,5,126,Harry,Harry,juvenile male,HC21,2026-02-09T17:06:02Z,2026-02-09T17:06:21Z,19.333,NA,NA,19.265,NA,NA,NA,NA,NA,19.265,0,0,stna,flag - stna
2026-HC-COCO-A-B__2026-02-09_17-06-02,2026-02-09T17:06:02Z,126.5,TW,COCO,5,126,Harry,Harry,juvenile male,HC22,2026-02-09T17:06:23Z,2026-02-09T17:06:32Z,9.167,NA,NA,NA,NA,4.433,NA,NA,NA,4.433,0,0,NA,NA
2026-HC-COCO-A-B__2026-02-09_17-06-02,2026-02-09T17:06:02Z,126.5,TW,COCO,5,126,Harry,Harry,juvenile male,HC23,2026-02-09T17:06:36Z,2026-02-09T17:06:37Z,1.667,NA,NA,NA,NA,NA,NA,NA,NA,0,0,0,NA,NA
2026-HC-COCO-A-B__2026-02-09_17-06-02,2026-02-09T17:06:02Z,126.5,TW,COCO,5,126,Harry,Harry,juvenile male,HC24,2026-02-09T17:06:42Z,2026-02-09T17:06:43Z,1.533,NA,NA,NA,NA,NA,NA,NA,NA,0,0,0,NA,NA
2026-HC-COCO-A-B__2026-02-09_17-06-02,2026-02-09T17:06:02Z,126.5,TW,COCO,5,126,Harry,Harry,juvenile male,HC25,2026-02-09T17:06:51Z,2026-02-09T17:06:52Z,0.6,NA,NA,NA,NA,NA,NA,NA,NA,0,0,0,NA,NA
2026-HC-COCO-A-B__2026-02-10_14-34-41,2026-02-10T14:34:41Z,120.233,TW,COCO,5,128,Pippi,Pippi,adult female,HC26,2026-02-10T14:34:52Z,2026-02-10T14:35:28Z,36.833,NA,NA,27,NA,NA,NA,2.1400709382151017,NA,29.140070938215104,0,0,NA,NA
2026-HC-COCO-A-B__2026-02-12_14-02-27,2026-02-12T14:02:27Z,127.767,TW,COCO,6,129,Pippi,Pippi,adult female,HC27,2026-02-12T14:02:41Z,2026-02-12T14:02:44Z,2.934,NA,NA,NA,NA,NA,NA,NA,NA,0,0,0,NA,NA
2026-HC-COCO-A-B__2026-02-12_14-02-27,2026-02-12T14:02:27Z,127.767,TW,COCO,6,129,Pippi,Pippi,adult female,HC28,2026-02-12T14:02:52Z,2026-02-12T14:02:53Z,1.333,NA,NA,NA,NA,NA,NA,NA,NA,0,0,0,NA,NA
2026-HC-COCO-A-B__2026-02-12_14-02-27,2026-02-12T14:02:27Z,127.767,TW,COCO,6,129,Pippi,Pippi,adult female,HC29,2026-02-12T14:02:57Z,2026-02-12T14:03:03Z,6.233,NA,NA,3.2,NA,NA,NA,NA,NA,3.2,0,0,NA,NA
2026-HC-COCO-A-B__2026-02-12_14-07-00,2026-02-12T14:07:00Z,122.833,TW,COCO,6,131,JUV 50,NA,juvenile,HC30,2026-02-12T14:08:53Z,2026-02-12T14:09:00Z,7.967,NA,NA,NA,NA,NA,NA,NA,NA,0,0,0,NA,NA
2026-HC-COCO-A-B__2026-02-12_14-09-07,2026-02-12T14:09:07Z,126.267,TW,COCO,6,135,JUV 51,NA,juvenile,HC31,2026-02-12T14:09:46Z,2026-02-12T14:10:20Z,33.533,3.666,NA,5.666,NA,NA,NA,4.219535469107554,NA,9.885535469107555,0,0,HC flies,NA
2026-HC-COCO-A-B__2026-02-12_14-09-07,2026-02-12T14:09:07Z,126.267,TW,COCO,6,134,Louie,Louie,subadult male,HC32,2026-02-12T14:10:08Z,2026-02-12T14:10:10Z,2.733,NA,NA,NA,NA,NA,NA,NA,NA,0,0,0,NA,NA
2026-HC-COCO-A-B__2026-02-12_14-09-07,2026-02-12T14:09:07Z,126.267,TW,COCO,6,134,Louie,Louie,subadult male,HC33,2026-02-12T14:10:16Z,2026-02-12T14:10:22Z,6.299,1.466,NA,1.634,NA,NA,NA,NA,NA,1.634,0,0,etna; limited visibility,flag - etna; flag - limited visibility
2026-HC-COCO-A-B__2026-02-12_14-09-07,2026-02-12T14:09:07Z,126.267,TW,COCO,6,137,SAM 53,NA,subadult male,HC34,2026-02-12T14:10:19Z,2026-02-12T14:10:44Z,24.266,NA,0.2,1.967,NA,NA,NA,NA,NA,1.967,0,0,etna,flag - etna
2026-HC-COCO-A-B__2026-02-12_14-09-07,2026-02-12T14:09:07Z,126.267,TW,COCO,6,132,Bond,Bond,subadult male,HC35,2026-02-12T14:10:24Z,2026-02-12T14:10:36Z,12.166,NA,NA,11.166,NA,NA,NA,NA,NA,11.166,0,0,NA,NA
2026-HC-COCO-A-B__2026-02-12_14-09-07,2026-02-12T14:09:07Z,126.267,TW,COCO,6,135,JUV 51,NA,juvenile,HC36,2026-02-12T14:10:32Z,2026-02-12T14:10:37Z,5.165,NA,NA,NA,NA,NA,NA,NA,NA,0,0,0,etna,flag - etna
2026-HC-COCO-A-B__2026-02-12_14-09-07,2026-02-12T14:09:07Z,126.267,TW,COCO,6,136,JUV 52,NA,juvenile,HC37,2026-02-12T14:10:39Z,2026-02-12T14:10:54Z,14.834,NA,NA,8.565999999999999,NA,NA,NA,NA,NA,8.565999999999999,0,0,NA,NA
2026-HC-COCO-A-B__2026-02-12_14-09-07,2026-02-12T14:09:07Z,126.267,TW,COCO,6,136,JUV 52,NA,juvenile,HC38,2026-02-12T14:11:00Z,2026-02-12T14:11:04Z,4.699,NA,NA,NA,NA,NA,NA,NA,NA,0,0,0,etna,flag - etna
2026-HC-COCO-A-B__2026-02-12_14-09-07,2026-02-12T14:09:07Z,126.267,TW,COCO,6,133,Guy,Guy,adult male,HC39,2026-02-12T14:11:07Z,2026-02-12T14:11:13Z,5.733,NA,NA,2.733,NA,NA,NA,NA,NA,2.733,0,0,etna,flag - etna
2026-HC-COCO-A-B__2026-02-16_06-56-07,2026-02-16T06:56:07Z,120.2,TW,COCO,7,138,Alfred,Alfred,subadult male,HC40,2026-02-16T06:57:07Z,2026-02-16T06:57:53Z,46.233,NA,0.367,11.832,NA,NA,NA,NA,1.9329999999999998,13.765,1,1,NA,NA
2026-HC-COCO-A-B__2026-02-16_07-01-25,2026-02-16T07:01:25Z,129.867,TW,COCO,7,139,JUV 54,NA,juvenile,HC41,2026-02-16T07:02:02Z,2026-02-16T07:03:01Z,58.833,NA,NA,19.869,NA,NA,NA,16.634000000000007,NA,36.50300000000001,2,1,NA,NA
2026-HC-COCO-A-B__2026-02-16_07-01-25,2026-02-16T07:01:25Z,129.867,TW,COCO,7,139,JUV 54,NA,juvenile,HC42,2026-02-16T07:03:08Z,2026-02-16T07:03:19Z,10.799,NA,NA,3.366,NA,NA,NA,NA,NA,3.366,0,0,etna,flag - etna
2026-HC-COCO-A-B__2026-02-16_07-07-07,2026-02-16T07:07:07Z,134.133,TW,COCO,7,142,Melvin,Melvin,adut male,HC43,2026-02-16T07:07:39Z,2026-02-16T07:09:04Z,85.133,NA,0.4,31.933999999999997,NA,NA,NA,14.753535469107552,NA,46.68753546910755,1,1,HC flies; HC flies; HC flies,NA
2026-HC-COCO-A-B__2026-02-16_07-07-07,2026-02-16T07:07:07Z,134.133,TW,COCO,7,142,Melvin,Melvin,adut male,HC44,2026-02-16T07:09:08Z,2026-02-16T07:09:14Z,6.599,NA,NA,2.933,NA,NA,NA,NA,NA,2.933,0,0,etna,flag - etna
2026-HC-COCO-A-B__2026-02-18_16-27-40,2026-02-18T16:27:40Z,134.433,TW,COCO,7,143,JUV 56,NA,juvenile,HC45,2026-02-18T16:28:34Z,2026-02-18T16:28:40Z,5.567,NA,NA,NA,NA,NA,NA,NA,NA,0,1,1,NA,NA
2026-HC-COCO-A-B__2026-02-18_16-27-40,2026-02-18T16:27:40Z,134.433,TW,COCO,7,143,JUV 56,NA,juvenile,HC46,2026-02-18T16:28:48Z,2026-02-18T16:29:54Z,66.066,NA,1.434,9.834,1,NA,NA,14.541070938215112,NA,25.37507093821511,0,0,etna; limited visibility; HC flies; HC flies; limited visibility,flag - etna; flag - limited visibility; flag - limited visibility
2026-HC-COCO-A-B__2026-02-18_16-52-12,2026-02-18T16:52:12Z,128.4,TW,COCO,7,145,Pippi,Pippi,adult female,HC47,2026-02-18T16:52:30Z,2026-02-18T16:52:36Z,6.166,NA,0.633,NA,NA,NA,NA,NA,NA,0,0,0,limited visibility,flag - limited visibility
2026-HC-COCO-A-B__2026-02-18_16-52-12,2026-02-18T16:52:12Z,128.4,TW,COCO,7,144,John,John,juvenile male,HC48,2026-02-18T16:52:46Z,2026-02-18T16:52:48Z,2.267,NA,NA,NA,NA,NA,NA,NA,NA,0,0,0,NA,NA
2026-HC-COCO-A-B__2026-02-18_16-52-12,2026-02-18T16:52:12Z,128.4,TW,COCO,7,144,John,John,juvenile male,HC49,2026-02-18T16:52:56Z,2026-02-18T16:52:58Z,1.866,NA,0.533,NA,NA,NA,NA,NA,NA,0,0,0,NA,NA
2026-HC-COCO-A-B__2026-02-18_16-52-12,2026-02-18T16:52:12Z,128.4,TW,COCO,7,144,John,John,juvenile male,HC50,2026-02-18T16:53:03Z,2026-02-18T16:53:08Z,4.233,NA,NA,NA,NA,NA,NA,0.6535354691075516,NA,0.6535354691075516,0,0,bucket,NA
2026-HC-COCO-A-B__2026-02-18_16-52-12,2026-02-18T16:52:12Z,128.4,TW,COCO,7,144,John,John,juvenile male,HC51,2026-02-18T16:53:12Z,2026-02-18T16:53:13Z,1.1,NA,NA,NA,NA,NA,NA,NA,NA,0,0,0,NA,NA
2026-HC-COCO-A-B__2026-02-18_16-52-12,2026-02-18T16:52:12Z,128.4,TW,COCO,7,144,John,John,juvenile male,HC52,2026-02-18T16:53:14Z,2026-02-18T16:53:29Z,14.5,NA,0.7,8.468,NA,NA,NA,NA,NA,8.468,0,0,NA,NA
2026-HC-COCO-A-B__2026-02-18_16-52-12,2026-02-18T16:52:12Z,128.4,TW,COCO,7,147,JUV 58,NA,juvenile,HC53,2026-02-18T16:53:23Z,2026-02-18T16:53:26Z,2.233,NA,0.834,NA,NA,NA,NA,NA,NA,0,0,0,NA,NA
2026-HC-COCO-A-B__2026-02-18_16-52-12,2026-02-18T16:52:12Z,128.4,TW,COCO,7,147,JUV 58,NA,juvenile,HC54,2026-02-18T16:53:26Z,2026-02-18T16:53:27Z,1.167,NA,NA,NA,NA,NA,NA,NA,NA,0,0,0,NA,NA
2026-HC-COCO-A-B__2026-02-18_16-52-12,2026-02-18T16:52:12Z,128.4,TW,COCO,7,144,John,John,juvenile male,HC55,2026-02-18T16:53:38Z,2026-02-18T16:53:39Z,1.7,NA,NA,NA,NA,NA,NA,NA,NA,0,0,0,etna,flag - etna
2026-HC-COCO-A-B__2026-02-18_16-55-19,2026-02-18T16:55:19Z,130.033,TW,COCO,7,149,JUV 60,NA,juvenile,HC56,2026-02-18T16:55:29Z,2026-02-18T16:55:29Z,0.533,NA,NA,NA,NA,NA,NA,NA,NA,0,0,0,NA,NA
2026-HC-COCO-A-B__2026-02-18_16-55-19,2026-02-18T16:55:19Z,130.033,TW,COCO,7,149,JUV 60,NA,juvenile,HC57,2026-02-18T16:55:35Z,2026-02-18T16:55:43Z,7.365,NA,NA,NA,NA,NA,NA,3.799999999999997,NA,3.799999999999997,0,0,etna,flag - etna
2026-HC-COCO-A-B__2026-02-18_16-55-19,2026-02-18T16:55:19Z,130.033,TW,COCO,7,150,JUV 61,NA,juvenile,HC58,2026-02-18T16:55:50Z,2026-02-18T16:55:56Z,6.533,NA,0.7,NA,NA,NA,NA,0.6535354691075516,NA,0.6535354691075516,0,0,etna; bucket,flag - etna
2026-HC-COCO-A-B__2026-02-18_16-55-19,2026-02-18T16:55:19Z,130.033,TW,COCO,7,151,JUV 62,NA,juvenile,HC59,2026-02-18T16:56:13Z,2026-02-18T16:56:57Z,44.065,NA,0.333,NA,NA,NA,NA,14.852535469107563,NA,14.852535469107563,0,0,etna,flag - etna
2026-HC-COCO-A-B__2026-02-18_16-55-19,2026-02-18T16:55:19Z,130.033,TW,COCO,7,153,NA 64,NA,non-adult,HC60,2026-02-18T16:56:38Z,2026-02-18T16:57:29Z,50.933,NA,NA,3.667,NA,NA,NA,10.353535469107568,NA,14.020535469107568,0,0,etna,flag - etna
2026-HC-COCO-A-B__2026-02-18_16-57-22,2026-02-18T16:57:22Z,131.133,TW,COCO,7,157,NA 68,NA,non-adult,HC61,2026-02-18T16:57:22Z,2026-02-18T16:59:33Z,131.133,NA,NA,55.735,NA,NA,NA,27.806070938215093,NA,83.54107093821509,0,0,etna; HC flies; HC flies; HC flies; HC flies; HC flies; HC flies; HC flies; HC flies; HC flies,flag - previously processed
2026-HC-COCO-A-B__2026-02-18_16-57-22,2026-02-18T16:57:22Z,131.133,TW,COCO,7,155,JUV 66,NA,juvenile,HC62,2026-02-18T16:58:58Z,2026-02-18T16:58:59Z,1.567,NA,NA,NA,NA,NA,NA,NA,NA,0,0,0,NA,NA
2026-HC-COCO-A-B__2026-02-18_16-57-22,2026-02-18T16:57:22Z,131.133,TW,COCO,7,155,JUV 66,NA,juvenile,HC63,2026-02-18T16:59:02Z,2026-02-18T16:59:14Z,12.233,NA,0.533,1.2,NA,1.734,NA,NA,NA,2.934,0,0,NA,NA
2026-HC-COCO-A-B__2026-02-18_16-57-22,2026-02-18T16:57:22Z,131.133,TW,COCO,7,155,JUV 66,NA,juvenile,HC64,2026-02-18T16:59:15Z,2026-02-18T16:59:33Z,17.5,NA,NA,NA,NA,NA,NA,NA,NA,0,0,0,etna,flag - etna
2026-HC-COCO-A-B__2026-02-18_16-57-22,2026-02-18T16:57:22Z,131.133,TW,COCO,7,156,JUV 67,NA,juvenile,HC65,2026-02-18T16:59:19Z,2026-02-18T16:59:22Z,2.866,NA,NA,NA,NA,NA,NA,NA,NA,0,0,0,NA,NA
2026-HC-COCO-A-B__2026-02-18_16-57-22,2026-02-18T16:57:22Z,131.133,TW,COCO,7,156,JUV 67,NA,juvenile,HC66,2026-02-18T16:59:30Z,2026-02-18T16:59:33Z,2.633,NA,NA,NA,NA,NA,NA,NA,NA,0,0,0,etna,flag - etna
2026-HC-COCO-A-B__2026-02-18_17-08-38,2026-02-18T17:08:38Z,124.167,TW,COCO,7,158,JUV 69,NA,juvenile,HC67,2026-02-18T17:08:55Z,2026-02-18T17:08:58Z,2.767,NA,NA,NA,NA,NA,NA,NA,NA,0,0,0,NA,NA
2026-HC-COCO-A-B__2026-02-18_17-29-07,2026-02-18T17:29:07Z,121,TW,COCO,7,161,Melvin,Melvin,adut male,HC68,2026-02-18T17:29:11Z,2026-02-18T17:30:06Z,55.3,2.034,NA,8.901,NA,NA,NA,9.953535469107562,NA,18.85453546910756,0,0,NA,NA
2026-HC-COCO-A-B__2026-02-18_17-39-42,2026-02-18T17:39:42Z,127.333,TW,COCO,7,165,JUV 74,NA,juvenile,HC69,2026-02-18T17:40:43Z,2026-02-18T17:40:48Z,4.8,NA,NA,NA,NA,NA,NA,NA,NA,0,0,0,NA,NA
2026-HC-COCO-A-B__2026-02-19_06-52-24,2026-02-19T06:52:24Z,147.233,TW,COCO,7,172,JUV 79,NA,juvenile,HC70,2026-02-19T06:53:10Z,2026-02-19T06:53:26Z,15.667,NA,0.2,NA,NA,NA,NA,9.398999999999994,NA,9.398999999999994,0,0,NA,NA
